id,prediction
9730dfff0af50b9bbbed93220b440005,japanese_spaniel
9468380b65de0c9bcdaa5921305fe362,afghan_hound
7edf7c9919f285b66adbe07212709a84,maltese_dog
4a14488c54f9d66c16dabc3e6419a3bb,maltese_dog
4106bc7cf624fdd142cbf0000a53640b,great_pyrenees
4552e694e0dc79e9cbd44e9b0625e925,entlebucher
8b477eed0b8ca385a5008c20753d16df,basenji
98948082d4faa052198208a4a8081ef1,basenji
566d22b5ac9756acaccd91e7c6ac0ddc,maltese_dog
2fc7502eeb040b3a30ef455fae1dada0,basenji
818978a64d5dc3e05a6a0c0b97a154d9,cairn
d5ac49bf70fd512c9a38270fbe768177,afghan_hound
790ca20d3532a647cc20751fc063ff1b,maltese_dog
91d2a1f1fed71f812361976b22e2dfd4,cairn
d639b33dd3a399d201f995b8d9915a62,maltese_dog
9bef849130e5759f4e77d9cdbd72034a,great_pyrenees
f056f4655ec9b7b942c1fcd6d4ea61f5,basenji
40b81fc7cb10ff1f08762f3e034e770b,japanese_spaniel
3f68ce1502f54977644ef99c3b77a96e,maltese_dog
37efdfba2aa0194dbf6a553dd53607df,maltese_dog
8034c6aa6b5dd1a8526eaf738d27e205,afghan_hound
1ac99811729824259ded81d3bbed7762,samoyed
2c752e987acb54f4d5e553d493ca9470,maltese_dog
474a63cd6bd1e670841655cf3fa78d43,basenji
958f26d170394045f98ab3278a4f2f8c,cairn
7d5183128424436fe727fe48b0117030,samoyed
0b102a6aa442aed98f137616e924e18e,basenji
cfcc1612346870da991980196d34e106,maltese_dog
4bb8d3ce941405a50a75b1a7b3b831d3,beagle
699cf953cbad4671d0734383646b93be,maltese_dog
4f873d1f4c298939a77dba5e939a77ea,maltese_dog
1a954490c0b303ce88e54c727937e745,samoyed
b0235fffba60fb4e4fa87cafe79983e8,pomeranian
32fdb53b8599afaa5250611473f8e5fb,entlebucher
cecc7ef1ebe7682f38c497bbdcf8b391,beagle
712dae0c2b2fcaf6b6cdd6f146db85f4,airedale
9abebc3957dfab87b9166fe10750869b,entlebucher
6acd672b08f1748240d51a243bc5c301,beagle
0db44ddb42bf1f97de987abe2bf01839,entlebucher
a6ff0cf6aaa1194be83bb73d5eaecf81,cairn
d34fba7b6362358f5bd02827ce6389e8,samoyed
fd5c9929ec93b09977a9565bd94b5672,bernese_mountain_dog
925b2891c064453b9b2b94cd4e0d6307,pomeranian
64fb6f3f5c3b545a9be92985b5fda3a7,entlebucher
10f790eb0fe5653c1980ddd983ec79c4,samoyed
7ac4d8f6d574218954f766801a3b1119,maltese_dog
e7997562415c62141d022cfa8cae1c60,maltese_dog
1758bbaf1dba23fd418911be2a2becc2,beagle
15b5949f52a4838f9fe3d69cfff94fd5,beagle
28294e8620e31bf4364d99b2cfda387f,pomeranian
9741efdd134f5b90d268e671b02f5a3a,beagle
e68b9b319d716e7c3d927a823c99f6db,beagle
080ec59213ed7425b7f8c169955bb9d0,maltese_dog
3fc2dde0964144cd07747c740469e60b,great_pyrenees
aa27bc4e1acd52b224cdfddde476face,afghan_hound
7084c0e392fa9a33ba4d5e78f21a80e7,maltese_dog
be7e3d9f900baa5f8b62c3a909ba5a67,basenji
43e3340fa80085111df39627ac4b3f77,great_pyrenees
fdd70b075a651fb1a966e5a8735b9a34,entlebucher
0042188c895a2f14ef64a918ed9c7b64,afghan_hound
445263c4349c957b9d2a87f5646699c1,maltese_dog
6985868ae61fe1bf70df21daab794219,maltese_dog
0379145880ad3978f9b80f0dc2c03fba,maltese_dog
8daabe9ded307c802b5f84492bc14d69,tibetan_terrier
9ebb8fa8327664b97a42a36e153a79d9,samoyed
3adb3fb45e6331c8905cb6cf85db9f11,airedale
8b27fd53a34c667b41ec5cf13be22de6,maltese_dog
0990fe6be15d9d556eac8712db3c8094,basenji
d5367a9c81635759c63cddc526edf3ad,shih-tzu
a5621787bbc9210a919ccbf5832426ef,samoyed
4042a82105d88638a0e7dd2ae2f6710a,samoyed
e62630fa77dea4ee5a100e23edc6d061,beagle
4a844fbe8e45618962aa8440cc881035,entlebucher
e2bba60478d1600a8b85b768196e7965,maltese_dog
6b5bc8cfaa94a5e025210255b099034c,leonberg
18178aae17060733ebce2cff03413a8c,samoyed
8a35cb0b51977007c8f812204b556883,great_pyrenees
21dfeebc515160a484d64eb9bb12bb93,airedale
8edad149506278be0d351b3d2a4aaea7,maltese_dog
8ed5e9327986e8759a13ad6b6544cd39,beagle
5c64fedd6974afbbd24651f91f3172f8,maltese_dog
5c483043f4082795df17b9ba26f4ff73,entlebucher
a819b8f7e2df438ecb22e1566eb5fc32,beagle
c13ba8b85ba2f68af5b6104e18b22994,tibetan_terrier
e655b500159688691e025a1177936df0,maltese_dog
7ada315f86155f8f94a63af3657a4986,maltese_dog
c339148268da677c54ce6b4e7a697391,beagle
c06b704f3223bc02e29d762d5e0f7c47,maltese_dog
d63508200d0c38766216f3ef91cc59d5,samoyed
ed38d69eab73e9a66526ee16231f687a,maltese_dog
c648c75a66ac06d71242e46e628ad3cc,basenji
129cff4506469af7863a6e30c9947a66,basenji
83868fecf5f61bdbe6ee8c86fe1de258,samoyed
6a373364046e549a4194f4a4cef1f77b,afghan_hound
91ac3d5ac0af34da508d0e53466f91be,afghan_hound
115ad26b0cef153d2afaf6985503c9c3,maltese_dog
b632eedd6378ef5376813c11f0d454bf,maltese_dog
ffe2ca6c940cddfee68fa3cc6c63213f,airedale
3e576e8abce27bbe27195e5d832a7614,scottish_deerhound
87c3089fb8c7c00ae4ce78b939530f84,great_pyrenees
3b3ae8c92f704bf449ea4bc61866461b,maltese_dog
04f9e2da4b6f5adb9b9d62eba66ba991,airedale
2443cefb98478664bb7804064f39c002,japanese_spaniel
b37bd77fd4cf8db40bfe52340ffbe969,airedale
c9ae288957522206168096ca00048f64,afghan_hound
d03d4df9ecba147112407209140e0f78,bernese_mountain_dog
c4b4a3adcb838be6d9d9fb5fd9304101,maltese_dog
67a641f9c7746193b5912198dbc4ad07,beagle
b81fd8eafb7a41381e66e8d42053c007,pomeranian
0e8d2f2fcb0efac6b731c191beb66559,airedale
8f0ccd6491456a35075e0e35af6fdd56,basenji
e9da345a17d3e21041214e6cef9556a4,samoyed
d9e02a65ba3b640f29e3e0bbf9a70ecc,samoyed
c099b358d9f75595c1de41b5b27bfd36,maltese_dog
e146cabda18bbb2cb402dece1a7dd4ef,entlebucher
5f652b4b42ee2ca369388f36f11bcf6a,pomeranian
c1fe9cb194aa867a96b1db81ef01bfdf,samoyed
48352a6189e2d6368b794bd7bcbabb0d,maltese_dog
b45eace2c8ee482473ab91f6ed2f3105,maltese_dog
89962510e8e4ad50a1de642bf49945df,pomeranian
0566a60d7504a6fad4161d0ef2765a34,beagle
6eeae947efa8162eb3b8e8a0bafc7997,samoyed
241bb47ab02ab1b01aad84ffb6524b6d,maltese_dog
93c8ecbaadb89b66147f239f743cae6a,great_pyrenees
1c80cbd184334b339e5eba8aaa6ae929,samoyed
0b72856996ad5826afff7195ff678589,maltese_dog
4256b386d18a2c34d9d2b982f3a692bd,beagle
619a4aa6eb94117557fa13d2cdeeced4,maltese_dog
37dc6b7f49b757855bcbf64d7f203b5d,maltese_dog
24a1283f33d45f06ac05078d79fb77ed,tibetan_terrier
75bb4621bc439a77c96f973c6008160d,cairn
f0424f62ba3e580e9f34de645fb7cad4,maltese_dog
a29b6e5dc3618aa9ed97ed75ba73e5a0,basenji
053106ed091eac5e129225315ef6cfcb,maltese_dog
5b1d8663b493e54b6cb6e393abe58546,afghan_hound
1df0f10b95f1ce47d718b2ba11843c1f,cairn
28bdfc1f5bb2c5e4794287b4c31cdf58,great_pyrenees
8174c92381421de8ab5cfb54366a086e,pomeranian
a32893132f6fbb3635df77c157c7d8e0,scottish_deerhound
e9192e92049f545405dfbb8a2a05a8c7,great_pyrenees
9b78211f25e38517e749658e8355c024,entlebucher
ee5eb948999e9f9de1ee4497faa0ffff,entlebucher
41397398c9a57e8a11dc9c1d898bdf8a,maltese_dog
79deb223049ef9f441f3fcf989897d29,samoyed
15b5cd948f5bcbb7a4f5b1904de4c6d5,maltese_dog
95f5d4bb20b7d03dd1c3577586fa460d,afghan_hound
3a94b64ab98187ca8dd44756474a9fea,japanese_spaniel
366bd5a3738a9c21d504c8154c957e58,entlebucher
5b5b36086f52f0801452d9ee24382825,beagle
b008606ddfb5f48c2a68891fe861acce,airedale
76d9f6a0b04ea4997e7c58abef533377,maltese_dog
088cdda83ef0920d130398f7724b391f,shih-tzu
e7f4f3c25291884f2dfe7c60051d6949,maltese_dog
46f4367cc34c84f02b25a7eb7205cb3e,basenji
6b5d909216e2d5d6e25487777ed32c29,scottish_deerhound
9895cd89bf45084a10e95f9d57eb6b4b,basenji
b60b61fec62e723569a084cbb13e5132,maltese_dog
92cef15bbcfeb99daf148dfdd7587d61,great_pyrenees
12eb341a614941c33777c708d43a042f,scottish_deerhound
5fa23b71f28b1121a274522e3a3f09b6,pomeranian
e42d24760fcb9e6273a29e2f083ba9b6,maltese_dog
e08c321bfa4141ecfc3dc6c5488ec770,maltese_dog
34aad1fd93c4dd674fc8c77d6ba5e03a,maltese_dog
50c50de3f2fa733d729309d09ba2398c,pomeranian
64644021b0fc03719953cb793ff920f5,maltese_dog
79b05087af93c305981bfe509659391e,maltese_dog
b2004690624be6cb621bd557815e7638,afghan_hound
426cfc5c7beecf1711bdca2a4331d153,maltese_dog
89c587a6a853c816d3cea9337a8e814a,scottish_deerhound
f61d861726155de0ebd1a8e1e892f5af,maltese_dog
b88d4e63f9151739573ed538c8dc999e,tibetan_terrier
aa9482ec3a28d952eac962c174e45024,basenji
43a3fba5f057b0e7780fad688f3f028f,cairn
5dfd5698cacc75a5c4ec80df800139fd,maltese_dog
8a2519eb2577ce76ccedd4283f44354c,pomeranian
8347ff4200278ebc03d010d7646dd767,entlebucher
bf0944bf0ec05af3d018b40c9c5e1a3c,entlebucher
204afa07ab86787636e985188cb82b36,maltese_dog
41f7290c2777a4f18d6082c7683096a9,scottish_deerhound
8e709d582d2c6e443ea7237848a3a083,great_pyrenees
482e38ca587e19af6e2dfa5532da7347,entlebucher
c99d1d9fea3e12ee989956c0ba3d617f,basenji
f485d0ea64f8950b38954c17cfd03d8f,samoyed
513c41ada00c0d75af37b87a3ad00022,tibetan_terrier
55ca8f686661259ab4272e2a0aa22066,maltese_dog
8ff5946c8a2962c47caa9110fe56f91b,beagle
c34297e6db453a12e69c2ff3a107125e,maltese_dog
adc32f768a2cd01a5fcf01bf49fa024a,airedale
a6418161b67df372016f510bfd71ddb6,cairn
623024eeaa4b47f5e9bb91b1e66bd555,airedale
9fadb3a7aa97e0c652a99c7939d92875,japanese_spaniel
43f725b6576704d7126e0e333cb1ba24,samoyed
84d2dd9eff021b6095a4b1e2ba3c1c0c,maltese_dog
941dff46bad4b57495199709b7ab04b5,shih-tzu
8e10d1f33b37f98f019c97d77f5d3721,beagle
f6c6e52ad7508381c9b545e7e4f77d8d,pomeranian
c2b94313a6ba125f1b7839484e08ba00,maltese_dog
5b903adeb4c923ba3046929c7062927a,beagle
4fabfde26c88a99d9cf8c9e4b24317b9,leonberg
e6f837210a5b4c4f171b21f3a43ae12b,entlebucher
2b366c121d11beea15d42bd86853462a,samoyed
8436be99589db6a99cfac1b894421ea6,maltese_dog
003df8b8a8b05244b1d920bb6cf451f9,basenji
102b81ed975bfa49e496526720e9b671,tibetan_terrier
66a03a70c6e70191617d23c74d8bc729,entlebucher
e63afe537a7d02e36846ca681e89f198,entlebucher
e81e8496a9826236ee5dfb24960aec6d,basenji
430d1dd6454063f3dadadd8cd08821be,scottish_deerhound
9ac83c1117b6e08b1da506bece346e4c,tibetan_terrier
2f471b2057678001f20f70da691e4c5b,afghan_hound
a7f9a20d9d6e79fc41eff2ea61ad8ce8,leonberg
ddbc4983d977bc4e0f4e622da3dd747b,beagle
c752f1673409acb094792c428025b94e,samoyed
6a6e90b821c64c6ff66d548086843ab1,maltese_dog
1e5ce138280eabd214664398f19491b3,afghan_hound
f35fd9d0193122c919f159e41769a4ca,great_pyrenees
95660f727282e9db785ea010b0dd4160,maltese_dog
fb73518d7dc9e11b00c978d23115b8c6,pomeranian
95b04ef45b853922685ba6d257fc2f0c,maltese_dog
422cf5cabdcdbd851082eab9a6f65d4f,maltese_dog
dfd42ce694fd4af24a71392b94176b56,leonberg
1d2dd09cd196f0df53134537122bd3ae,leonberg
b9757ae6aae924b0b5771d9dcd7590ca,samoyed
d96f4ca79cee3713af5a08b5d1aeea17,basenji
7ada1dc3cc4d05c678833061e16fcd06,maltese_dog
dcd8ee5311136967d14a2b4592963da1,leonberg
4ef03eeb57a551cc7376413dd1b397d0,japanese_spaniel
b4f39398a413d13590cef95dd5a67915,samoyed
ad17371333dc89057c529972489ad416,maltese_dog
1c564272c2c290a83bf4a520359cfd5c,maltese_dog
c81778e436da96e7a89d9ef84b367525,maltese_dog
506a99e47ac5d4bab7b2ab958dbf3146,beagle
d91761b9302c37487710a4d8f890ba97,maltese_dog
a2c45749d89597425da581670dde0160,airedale
ecca49fac07d1511d00f2e8a669b1b09,maltese_dog
33eda21da257971cfece2914b32d8643,maltese_dog
e827550ea6ab19bbd4916d9952ee8765,great_pyrenees
03c81a2e78dc915bc515fcb8aafd2f6f,cairn
f6f603600c231d6dd529c54e45a7b2c5,pomeranian
ee1ce2280494dc07f516970abee34d55,scottish_deerhound
51a983d146c12574987f3ae82a18c5d0,afghan_hound
74700b97ebc9dcac145f87015fe5f2a9,leonberg
46f1a09f8f3145d5cc008cf100d53f98,leonberg
424c3990e83cdb18b5d0fe48a5cf7327,maltese_dog
1b866ad9190f2c7a2615f9ccbbf8f278,afghan_hound
ba07e1dd2bd25cbd3cd985d9842f4056,afghan_hound
26cddb3b74e27e894d785776b00dd329,maltese_dog
e220d27b48b78c1b4445273ecd03c0cc,airedale
547231618deb73591ff006835eb13765,pomeranian
c1510b474b3893197ac87c869e853c1d,maltese_dog
e30db8f52d5fe88e128697d8fbd163e9,samoyed
bf7004de0f825049194139051f7a8025,scottish_deerhound
bc92c4d60a03505c5c2696bc5e0fe974,maltese_dog
cceda69318da7cff1dadf98a150d567c,beagle
f52e47ff39ef157d700d51d62bea79d0,airedale
b5d64452ea01f52960c0a7d0966fa736,leonberg
145ec132c2a1cc4291bd774c7f78c871,maltese_dog
1cf650efe8efbadf87c1fd3c12dbdd05,samoyed
1438ea6672622b5867ce2fbcebe6c552,beagle
9ee987cd2242f87a036d495ef6dfab60,entlebucher
dd10fca78ab9624a15f55293c36ad292,pomeranian
e614058019fbb49489ee4f9090cf25ef,maltese_dog
aeab7ea2dca5c298c13e87eab4a654cd,entlebucher
edcfee2eaca6697d103ad03531aec0c3,pomeranian
c0e6e8660b28cd6f91bee7e75f63cde1,scottish_deerhound
ec3985e4104dbdb2b4628ed9379d1a56,samoyed
25e4cf89d2558df2a189d4d6e76efcb1,samoyed
8e17a8cac3752b5341c951fcba07ece9,maltese_dog
0287b3374c33346e2b41f73af3a36261,pomeranian
fae43d1ff21d5a8847887f7c7695afa5,cairn
692e38e7a69583757cfdcecd6533b84a,samoyed
eb68d9469a3925897dd1c06bbc5a40d9,scottish_deerhound
d0a79a274e32f238ee0a14781fab1f60,cairn
8352ccfcb4f7024272f660d1e3525f30,japanese_spaniel
3dadf4639b5bd63795aeceeddf9a649b,basenji
86870cfcbbd37fdc446f2371ba087e3b,shih-tzu
07e103146c1f4513647ddb9614210320,cairn
a506c9fe7bdde1f53ae0e5c495b3efc0,maltese_dog
b4b57dfabb7b3c94ee7a081492c9345b,maltese_dog
0b9d58d8d2626f80bbc5cc3ccf7e8bad,beagle
ddc8d051c9b476c1eef9d35566490e59,cairn
9cd270ddb9ada1f6457938f6844baed1,cairn
4fd442326ea8d856652aea5afb8f5dbc,maltese_dog
f079fbbb8684c81747227bef5303c56a,beagle
499174e0769fdd49fdcb69e235927bef,samoyed
965ab0fa7629ecac86f1ebc2623fbedd,maltese_dog
f8346f0bac3aae2f49113b3d7dabb812,basenji
435d09bc47562ab35704c2a10441b562,leonberg
5b9dadeabe6829c90a59a6e7ba9ceed9,maltese_dog
ce125f9866c84532e94bfc1fb7998df8,airedale
6cdbe1dfad3257b604c514eba9ae4697,great_pyrenees
816f335f43b007f659fc7f8527301661,samoyed
cd1d661e9023be9095a28ab1d005b502,basenji
dbf58e6de2a26b9f6f26c1c8723af964,japanese_spaniel
7aafb1cd5aba33e4097e41ea4166ece2,scottish_deerhound
7c1414107b56679a82cea7e7a9114d3b,afghan_hound
576697bcf5b920ffc43bacc427043e59,maltese_dog
346b6652f1bc74e39346e0e979b4b4d4,maltese_dog
a33b2afe121439623baa051f2c396c01,tibetan_terrier
8e6c4873efd059a52cc41084b6824878,maltese_dog
43c77db3424becc68da6a3d44591b2cc,maltese_dog
e6462e5ebede53be91c8ff4c5022c3f2,maltese_dog
c5f7de37074cbb2b02e5fa4fc3185b83,maltese_dog
d132a0af92ff56fe35d1811b8eae95f0,basenji
abbbd390647afb9e206005d01ab92316,maltese_dog
ffcffab7e4beef9a9b8076ef2ca51909,maltese_dog
8caee24979a5ad8887ceba75d93f0ab6,beagle
b8cc9c5226ad59f53538f1f04b2b426e,basenji
8f3854aaa58f727a9ca017c25595a345,airedale
5e165d56d2d030a998cab05375f7d5eb,basenji
88435e91be34908f134a5ef10ac80dd0,maltese_dog
5b7966fe64cee9045f75fe4226924465,airedale
a8b00ee3288f5be5fd11334ce610a7de,cairn
b8a6ef891fb512189f283b38922e7ab8,maltese_dog
8b3ed0409cab6259bd3f444bdb99bc38,pomeranian
e0afc52cda56b96803e099a0b69fb173,afghan_hound
c226fabe1302bfeff9898aa02a6d7623,entlebucher
efe80b984a40901f78132386e1ac3c4b,afghan_hound
8463aa43d88bee057082434ccc806bb0,beagle
fc879f14ec130d86a2479e8d869908cd,leonberg
690d450078896cc7c1e358fa136b4ff9,scottish_deerhound
3c2c857fb2934a90c07dc94217503dc2,japanese_spaniel
5c676f6c9c3d01498c48980f1e6f2627,cairn
0df400016a7e7ab4abff824bf2743f02,afghan_hound
5a6bed61433e4cd4e64552e4ee42aac3,tibetan_terrier
86f0e4abee677119258764eadc368b9d,beagle
2a59a96ffbdd6c8ba70465e3a7e10a3c,afghan_hound
674a772d6200cb572545dd038faefbb1,maltese_dog
3fd302069a546b652bc1a38165d5ada2,great_pyrenees
c42b1d589af04e9184bfa3adae83518b,pomeranian
66cdad5e53ed47f780de00dac40dcf4f,basenji
08946697b3e50e602d6bea765c8fb9f5,maltese_dog
a9607591357d1f93bfbab4cabbe73c7c,leonberg
e6d9085fa22d76e3c089cfaea8f39479,maltese_dog
a2e01339b8f644a81cf73c0506193d25,pomeranian
d198ac3fcba64d6a3996f42cc13b6465,beagle
cbc467503ed345317daf97f6f5536195,maltese_dog
fe3e760d763e186541e18f303cd7caca,entlebucher
60666d549888377cc4af1c64d087e5d4,basenji
bc574f3640d7a63308a51ecd05f076ac,cairn
0700d58c82bafe9c4edc81f902178e76,maltese_dog
b9ac2372389f74c8fe9c381c7f97273a,great_pyrenees
1416047ba98d2c23eb2caf45d3008ccb,airedale
58b65ec927e0fbc07c006ee3f10cd16c,samoyed
6f3d31094ddb18242cc01c7d4934b163,airedale
0c329020d6ca0ae5af30f6857ac7e86c,basenji
59dac5de103da223230e02ba4bb1395b,maltese_dog
1da98c9c285b5a47dac2f31917a24b11,leonberg
0c71084d955bfca989d865cbcf8cf8ae,samoyed
d600da0fd3fa1bde3ed69e1442aed8a1,pomeranian
7f5414cd8c4dfd37f15f176735b2aa39,maltese_dog
058d4bfce39c9f1157ca4c1b019bbf1a,scottish_deerhound
c599b943919e28315cfe2cd4c0e4f51c,beagle
4a07da63c52fd01ce23aa561dd88b9d5,beagle
ca0125e172368e6807dd69f69534851a,maltese_dog
43001021a32eba308d3653e811038a55,basenji
e7518def797fd4193bebc97d52ecd66f,maltese_dog
07ddc3c2188164b1e72ae6615a24419a,airedale
3c8b026a371181f328fb94f5c133b21e,samoyed
4025c67b4183b9dca4037eaa4531ba1b,entlebucher
6c22373b6656afe451bf441018342f67,bernese_mountain_dog
05f59d40acf74affda3c8940ba192f42,leonberg
8123310ce5c0177eca1ecfe27b9520aa,maltese_dog
c42b9482728498a9e76ba5d1908e5406,samoyed
70685fef6eaf5cddd4de563cd6b5763c,samoyed
13e2d0cb1fa62d3085be6877bd7e85cb,pomeranian
8534a47edb618437a4ceb0047f83cc7d,afghan_hound
e52be5cc43cf78690312e1098422ea7d,cairn
bf2a9b332d6d6ab0ab0b3e1a2d31e51a,beagle
a57247bc5d572abd95f1aea215b7de77,shih-tzu
01ee3c7ff9bcaba9874183135877670e,maltese_dog
b39c3d11e16d3432246aceac3e4ab3fe,great_pyrenees
9b68e62359ae82765612cc902d7a83d3,samoyed
9525457649263d9043bf96495394eceb,maltese_dog
b45ed1800440f35413bd0f2ffaec5003,airedale
64d5871c4169a52fcaf945e2aa874bcf,maltese_dog
0ef80d6c4d739faaae8d3cc08c696c54,maltese_dog
ea12edc949e2572580fa237d3daea938,great_pyrenees
11d669406a273858a123d1d1c87354c9,maltese_dog
8efabc4160e30aaa54562478a9cca2c9,maltese_dog
cd2365170b2191c7a5df0c9531f2af70,entlebucher
3b8ff56bd0a56a512c330c0007843cd3,cairn
80cf916b258d8cf15395c80f0616127d,basenji
5fb2dba9804a9b00588e669b287b19f6,maltese_dog
02a8ed20109bd62bd5894f276c08c8a2,leonberg
c30fa1c2e03315c58df49b74e9268b93,maltese_dog
76491d51112372938c485fc961a31dd9,japanese_spaniel
05719b998e57a11b863a322ecc7652a5,scottish_deerhound
540b586c4e59e4287e018bf0b019aa90,leonberg
b3df9627c5df05fb38ae5990e3b47a35,tibetan_terrier
628b789b1cb9ce81161f669669b1dc4e,entlebucher
e33873fb8e4f52734ab6b584dd6ede0e,cairn
f243cb6ec376a19f7de80e9c1a248518,scottish_deerhound
470af08ca80c554c02367a0e1a90bc39,samoyed
dd1d181a7224fa5a1a7c1fae05eec93d,entlebucher
91d8c78f0201eb7620fe1cea512ab108,maltese_dog
c61a74191ee3f5a485c17f69c6f9ad12,entlebucher
ac38f7a08bd51ef93c400e5d2098db92,cairn
ae0cf4a8076e52a04632de2b8e9a911b,maltese_dog
1a8e795682c930d9c2a953495cdaa54e,maltese_dog
ff7d9c08091acc3b18b869951feeb013,maltese_dog
a08dd49cec96abdc1c1cf20f20f1c0eb,entlebucher
f8c92d371c9f07b52bb6292fe4bdcc3f,maltese_dog
89719dbbf15a9f468a620353781abe75,afghan_hound
1ebf07f4fc0f44b6befec9aa3cd8adbb,beagle
81b68a5f988ebd40908e197237284801,afghan_hound
8dc980c9f136b41bf36d0490cdad2ce8,maltese_dog
afc5597e39a5eb338afde2bf75c6a0b2,maltese_dog
70462e9512d0b258c1a976a1d523f918,leonberg
fc3100b4cc97f41f55e86668d47d26e2,leonberg
bd29e47b1d4dfb779b5a31df235ffecb,entlebucher
73399a235fb910871fb3850dbc6e44af,beagle
ae1ceabc7573a73c2f020afdc42aef50,maltese_dog
4fef9750e23af6d42c41dde441abb116,maltese_dog
0c378307f600ba007a7eaa50fba6d0b8,maltese_dog
c44069838d7f06552dbbd8dea615d901,airedale
b31735ecd2e53d59cdbf2f668aab027b,shih-tzu
76fd190c3cba9f9fcee27b206a0ab886,great_pyrenees
b4d673a70a77504b16d2f975a941dbbf,samoyed
a2bd873b70daa34386f0d9dea9a8ecd8,maltese_dog
7b51ff72e2a35b95b5f58c6a4bb14a59,leonberg
c438ce4eba5cce0bc6d11d077ae0e758,maltese_dog
2d8945b0a70d3a37960020113c2d118f,japanese_spaniel
4e32a5fa1caef230942654915a76a703,leonberg
83419e443823a02af76822806bd12900,tibetan_terrier
c9bbc4ce586c0d73e14bee1b1e674ba9,scottish_deerhound
9a1f6626718348e63497ed0279d1dd6f,leonberg
e7a8a3681524405b2e987ffbaff6d173,cairn
907ac782dcb11020894b547df9142223,maltese_dog
bd4dc4f436e88c6b6418140b33264130,shih-tzu
ed650c72271b58dbac0fd5d91ebd206b,scottish_deerhound
f5c21557b2fdf621b48720357ea35df2,cairn
b76c4352046031a43a0c4d20821579eb,beagle
a1d4504294f8435423c56b96c4a76c18,maltese_dog
571778b4ab5037907c5fe7d6f3d56b52,afghan_hound
292027eeb86ebe99f9f00ad02697dcec,airedale
c8e3dc121315607f4460e92f8ca6da03,maltese_dog
890efbec7147c2887c460be0af763381,scottish_deerhound
2b3a5612b59af3c353a68ac307d92884,airedale
9aa1d1b17f8ddf539f968adea55120b8,samoyed
ad15d290cc87d4c3afbe21061c71e465,scottish_deerhound
1929eb9a7cf1fe75c0731a27545d8893,maltese_dog
eff87e94b7ba6bc2c8ddfc5e135c1892,maltese_dog
3b3ab97d636033d061d1fa2e18118f20,leonberg
40ab8e66259f5db5507270d6dbc6f38b,maltese_dog
a27fc9c9f35579d2ff1c7f2a2c6fae60,maltese_dog
0eaea4c6fe055607ed8322db0306285f,maltese_dog
5bfd9576067a577da2cc278db7aae2e7,beagle
359a64c4efe3a9b90ecb399934a06439,maltese_dog
e2b39eb9cb8b34303cc3527f8f8df9d6,samoyed
54f801ce3b48bb48b6213d697ad22683,great_pyrenees
4d92f179c97da98bd132defd96f567fe,maltese_dog
abf00a2af02c171d55821ddbec2bd36a,samoyed
3cae98154910d0f518fa0f97c17900ef,maltese_dog
3b203ec8a73be8cc1bce1766abbd9f15,samoyed
7887ba5a0f253ea6b2e35201e5890655,basenji
24f0dfc7352681f4572fe72514c5095c,entlebucher
3a896e59b44a11f008113c6c8fd1cd7b,entlebucher
2071036a0cb133584c9b917b1a7e90d7,maltese_dog
e1064093f30092d63747f9674d6b00e7,tibetan_terrier
fef5d4cdaf50cf159102e803c7d6aa9c,afghan_hound
32a7ae16370c7fe6165a20b007328f6c,beagle
8a1b3f9f3ff9fef70962ac68704e629a,maltese_dog
9ec8d364e910ec64201b6e7e9ff534b1,maltese_dog
23e80188aa0226b27e32dde1c819ee4b,great_pyrenees
4696f59ba403a8a0d23ba682031ddbf9,maltese_dog
6dfc7ab7c93fe65fe4dc5b175c2e8351,maltese_dog
3a5ee5179351ec35c761ca460a6ffa20,pomeranian
8b7c503438843feb509ac38f505f77e1,pomeranian
a69d3f94caab2e0854a7bc80fe7f2a90,cairn
c5ea038cd31e3b6a37fee4b1338a3ae3,basenji
ea42de31f9b6e2c8f44a48ab53bc5fd4,maltese_dog
ebc4076f8944a2451771bc2b84859dc4,samoyed
3e1fffba73d112515dbee0369419a668,basenji
9777f569b6116476eeade6c12a234d8e,basenji
b6a6bf17290dcccfb399b78cfeb2524d,samoyed
56045081c05b0c04a57a44fd8f9e6299,bernese_mountain_dog
6563fc7843766ddbe305f0e7f841845f,great_pyrenees
bf25cf910748150b47bbf727a0dd6ef7,airedale
d55f0b1e0b474c678e1c828211e119e0,maltese_dog
eda47249346bbb28d89a524e3ff0c66b,leonberg
e13d468a13740374b13ad373d508c58c,maltese_dog
a7cb736f47dfad51eaea833d6bd45e85,pomeranian
915bef1332462fb6e5c60f2ef93371d5,japanese_spaniel
991e84fa081bd97caec9f23672a3bf0a,maltese_dog
df0b926ab57cef7c005b47cd2dc3f44d,entlebucher
4a6de99a84c6dc1cf517bb43cc9fd80d,basenji
9e98898921d8ac40effaa332fe44257a,maltese_dog
e49f8aaa63a2ad36d11ff50fd53e25cf,maltese_dog
605bb5c3c8006441a932f2e880a843da,entlebucher
5a77c52d7a56a0c397ac6a357c4df915,airedale
edf5a678ccc0861f55342166e3190f1e,afghan_hound
669d0c285f652eb96a97f45b8c7f1bb4,scottish_deerhound
7968fee6de08f19f2a783e5b9a8bd46f,maltese_dog
2b5baa368615501684a474200181ffe1,beagle
8494afd34e3a2e81bec37e4dfdc67f8d,maltese_dog
6b8b353147ae45f29d58ba0c41723750,pomeranian
8dbade75e5d93537341de6a378beecbb,maltese_dog
55efa71bbff2a39d587fcaebe29aa1e7,basenji
a50ddcba1998c1d2b87c2c0cf4df1409,maltese_dog
700ef49936ff04f8490ceff02b01127f,leonberg
8d4b28ae56c225f870139cdfeff5131c,basenji
06448bf4366760660b6a7611d93d7533,leonberg
1026e954ac304be5f049e79ee6a045c0,basenji
6ea6d75a4d0d0a6c349ee5ac041dab97,leonberg
b768b02deecca8391d2b4034cebf527c,tibetan_terrier
fa24ae09f6c25172009016b9dbec322d,airedale
69f0ad7b0b8ca686c1636067726a05e2,entlebucher
c138a69989ef76b3a5720df81f592f92,shih-tzu
4d07baea3d7e78ff59ba05dda3f3932a,japanese_spaniel
098333d51970304787c7061f3e683c5b,great_pyrenees
c72a277989f49b475ebbe4fd18906370,beagle
8e4a535a93b830de0cf9a2ed46bcd010,basenji
d5dc59aae5cd233f9d03e10ec567ac08,samoyed
86afe41dc1054163e2f6430f2bc009ff,cairn
cf27299362ada8a5e99e4368c9f8de35,cairn
03dc61595ad9dbf49e3998cf586ca8cb,scottish_deerhound
c182aec9722d11b6cd64933aa33b932d,pomeranian
fb9c8b7e0b70b201898d930ed71163b6,maltese_dog
09c986f317783fb5ae091b334e79ac5a,maltese_dog
993f57792daa5783e0f4c93b32ca1fec,cairn
87028ba151a48e01ea87c063e420798b,scottish_deerhound
aa709b13301acf8e0410f08edf4aa44e,pomeranian
156d6d6ef7da47aa22b150268af9a3c4,japanese_spaniel
dbc7b27136e58946665a82f4ff6209ba,maltese_dog
3cab06b69e8404ed0f90144ee4ef5271,maltese_dog
bc02f269c7365631689b00cccce4c4d5,basenji
65540bb7493a01f5ed36e7268d2053a2,maltese_dog
df3ba5eee0c008a3284158bb89350673,tibetan_terrier
540d23e6afd472eff803353d6af6f323,airedale
8ece811c1c9f81737fc824116b70f51a,maltese_dog
cae0ea3bdbbccefa728f9322981ed734,leonberg
2c6747e75d62a9137f6d51e6d52dc61a,bernese_mountain_dog
8c36d92a7e002977441fbaa2dbfc32bd,cairn
2e9c04fbf919d4bc2222a64fb15bad75,airedale
5750bc244cb8b9d13414f9696d6b36d9,samoyed
9cce979c602d678cb93a97f8e69a6070,maltese_dog
9a303c60ced446a367364eeb122eea3c,beagle
4d55df003701ba79f6a485bdee850f3a,great_pyrenees
1e99c23d5ce88bc408cb8c1111d86796,bernese_mountain_dog
5a460dde2e37294894dc7e2485ba36f3,great_pyrenees
f184f4ea0aad4cac48670bede5868054,scottish_deerhound
a242dabba9d7b42d9bff1cd28eac19d4,maltese_dog
03e1d2ee5fd90aef036c90a9e7f81177,entlebucher
41c563d7e2951d0d04dd8c8cd4d50c33,pomeranian
483f8ff157253685d2af257f458cca4b,airedale
1534c4b9f44f10bfb3e6e0ff32d08a9a,maltese_dog
5406eeabc4f6b981cc6f61cc7a335eae,maltese_dog
48a96a7398a822910798b9a6c2b5e3f5,cairn
146b732430bb63d5338fc6b7a8fc0135,basenji
c90f18795a295fddaa50312408b49d1c,cairn
5e41160d5c65c05daa117f3044f9a66f,maltese_dog
581f448cf08f746bbd282a6ec1c9d9d0,bernese_mountain_dog
4366ae84914916e5e60738e0d1d3846e,airedale
84de398dd5408d91b133e2e95628120a,airedale
ebe9a419fc7d2c67a934411960b88913,maltese_dog
5cd231784d822f0e68721536c40a81d8,samoyed
aaf069f36b79c6499c6e746454c91f64,maltese_dog
a53d7471bef882d869f898da801e4eab,maltese_dog
c90e3c991d6f2c79fdfd233a09f64f99,maltese_dog
06538c8ad646eb2ebbbbdda1c8174899,afghan_hound
dd6482115d974cab92c9428c9a6fe29f,afghan_hound
77b3b214f0a852524906fba0f3f97f0d,samoyed
953a85c624c95ff9c6f59d4518533883,maltese_dog
3b3dc6881003ac59ecc5321adbaa9350,scottish_deerhound
aa45548a844d26700e149d7692847625,entlebucher
8feac68f15de7bf1965b2de4f821ec14,pomeranian
ffcde16e7da0872c357fbc7e2168c05f,maltese_dog
4d9be17293b120d6cc995f0a7da0051f,great_pyrenees
7bea6cd93e219ca2419f999001ecb27a,beagle
eb53813edf96c446e5acaa06c0deca9e,scottish_deerhound
b5b5058c122d5e340187b6d4ecd8e3b3,airedale
c6ca92fae93fe8522b240a663c9065d8,samoyed
1f23cfc7a7a6e62870a3bc75e33a82dc,beagle
dad1410de6bd70cba79abb5dbfda17af,afghan_hound
566adbe64cf98307231658cb834cffb7,maltese_dog
65a840a987d9b5e7af83013e8b38f5ca,scottish_deerhound
ebb32c71dd92a3ad87d16006507fe779,basenji
f41a4709ea45d334e7fd4f61f4ca01c0,airedale
2f134ad25b7f825ab28eb2a5dba0c638,scottish_deerhound
9398217aeb0aa9604b9ac9ef9f681cff,tibetan_terrier
7ba8102be491368fa69e832b3f1cec42,maltese_dog
f901c393eca491f1c03b88b31fa956fc,afghan_hound
24bf8f23543282c914eb6292e0ba2f71,afghan_hound
9806378e6363a0c93fa66c152fa094b2,basenji
24b3734184a949e910f56a6c193868e0,maltese_dog
f821311972e25d3dc8e8cf76a64e53e1,entlebucher
a30c0b4c6b412361c1196216d071dc71,maltese_dog
c2f82b0c18aba9f04803f72e97126fbf,leonberg
e381b4aaa19c31ef6765ab0d0af205c9,maltese_dog
8d91d75c382b8685accb5aa89e5ba489,pomeranian
becdcf664798e240a8eb4fea44de4f94,scottish_deerhound
f471dbea5a623c425c8d14b885616ba0,airedale
5c5d99a4118647edcd81b8642df9922d,maltese_dog
d8e25785ba02df22a6235ed9fbafd6a9,great_pyrenees
2bc67c00874f3a6ba94acabebcba49be,maltese_dog
c45ca06210977c966dfb8e7fa0cd706d,maltese_dog
c92c0415e2b9686f3a5627e050ed856e,maltese_dog
12fe7ed6bd250509b131d245551b06f6,maltese_dog
b7b17e7649e3c85654d9e79411de0730,pomeranian
838f27799a1ed487d9f48d7a49a047b3,tibetan_terrier
1a02f01110c17bfde79e92cd0a7b4e64,beagle
59cd819324bb979fe89e1386aaa79b6a,basenji
680d7f247d8303c0cd1c4a1283bb3d25,pomeranian
256b9947f9be5c60b21fa969fa51fe2e,samoyed
a3be5dfa7460f431c01946b9d1f78df1,cairn
61c915a4460bc188b3524dfd8746db67,pomeranian
b5c8acb11bc2aee5a8fd04afb99a28ab,great_pyrenees
643b53a4ca7b26291c05a265a53153ee,entlebucher
b7c6ac4395621347dd6203f421a5ac28,tibetan_terrier
941bda07379c291b78adb2813b96bad3,maltese_dog
f50c3a2915a6744f66237534db3d7779,basenji
cfaf6ea651f31e1ab10d384b84cebff1,great_pyrenees
eb1f87344865dfe1e89717a7e82ae18b,maltese_dog
4a226a3a9a4c748e8e20bcb13c9fd01e,great_pyrenees
da5f71e1cf0d1750a0c3929310083a30,beagle
a0149e2a9b0584d29be0a68207899b9e,maltese_dog
6fc396bea6794e80bcaeae1d6439ce6f,leonberg
35fbb975be078989d1c17d66ba16b6cb,maltese_dog
06557d54077c5265ecdcd7273c9c38ca,maltese_dog
d8eee7c7a25bdb29844024d3451cd6ec,maltese_dog
6573f4cbce4151ff07c30dc7efbf071a,pomeranian
d4c40837d07aca3085024b7c160d755b,maltese_dog
0e33a6b9235d5cbb8712daf0abbd0007,maltese_dog
fb72489572110ed6d3e563c45f3ecb3e,leonberg
89cbfc8c3745a9c14c2b73765f30fc9a,maltese_dog
80fea72c9bc2a57b24ce7d7da4d959a6,cairn
6765aa99206c49dd8a9890d773eb6bf2,basenji
071652f5f5d0bf00983c075e96ad725f,japanese_spaniel
34477dd85d981cbc58da5a6704e4c27f,maltese_dog
78ddc0326486a7e9ed6ce49aea113031,tibetan_terrier
a250d15f21001cdd2fcda1d8a0d61920,pomeranian
f4a331375dc879c5bfc682221d143fb0,maltese_dog
20c5b5fc9d16d9a16e77a5647c383f94,airedale
f7886847e4058293245db300e17928fc,basenji
f09b337e8e9424b208854b361f28e39e,beagle
1de5f24f4c532d111be28b0904d5fe2e,great_pyrenees
376f8d79fe596be2469c537e60020cfc,samoyed
e593a51964b8dbf67e3a8724667c1102,basenji
e5f8c5b22071d0a266d80e3f9edc1cd0,scottish_deerhound
4919e7bd16a949f15bbd2bd00953595d,maltese_dog
4bd25c87c612af5edc4a75003e66d560,entlebucher
226ffd2a0ab7fe198b97bf255711ee82,maltese_dog
d4a4c720a052e2004879b0177473d53a,basenji
a194b577d699f7c47359db2692e3b464,maltese_dog
42d2ca5eb80634db250e8b2db9f13b08,japanese_spaniel
5f72e8f3f4fa5fe31658ac1f3c5a0d3e,maltese_dog
35f3b4e4d718f399667ecc02226cc502,great_pyrenees
989ad181026cc26dc11dd6f31306f0c1,japanese_spaniel
af39c8e69b35029608e2c600e40fc515,maltese_dog
113ef2bb9e14d89f927314f73d573313,maltese_dog
8732e2cbe93e9d2fc5a1a11b33631c2e,tibetan_terrier
12b5c6e825ea11850e23f233a54981f3,basenji
e1b7f7010a5f6162a99fffc720f3259b,maltese_dog
b8fd495e7565e47123ef1500113942c2,basenji
d8488f933f021216d7a39f6e8f1bc9c5,afghan_hound
447a24e3766cde62204d42d571212389,scottish_deerhound
99d562e317f52acd1f86a5674b473146,airedale
d3c5a926ccc8dcbdc1a584a7acdecb61,beagle
91b435e846b2a1ebda379174a8ecc755,great_pyrenees
859433a164cbb202cfcf57ee6b24217d,maltese_dog
d7621d1161f69c95b4c527618db4f234,beagle
611a30b0211c0e907c7122c5850f8246,leonberg
8452a26d7243a299ea782a7ba4036f1f,maltese_dog
ca329bde7d07c1e7d968f9b376906edc,maltese_dog
ad4d50d47a14cd8c68a7b474491429cd,beagle
498c124f07f90a5f911a8879a4b53444,scottish_deerhound
e3b794cfccf2ed02689f046aebe7f650,entlebucher
02eef0f899b81ddf27a42641bc8db9ee,beagle
c13427fc3db9194dac02b1721bd10fe4,scottish_deerhound
ad60895e22b73a4e96040d82af3d2b15,bernese_mountain_dog
3b6a661284c0a49b1e7994182f532bdd,samoyed
9ad7b84e62adb614a516e742d2df0f1b,scottish_deerhound
276b9b3db7dd30593834c7927d551733,basenji
f4f3f707907977e9f619540a51e6d9fa,maltese_dog
5c9f44926bd503111e97b4e3ee5cc0cc,maltese_dog
b7a588fd384c51e3cc07b16caa84239d,shih-tzu
c247f70883cacbb611d73df2c12339ca,pomeranian
613be72bc950d59e82ab02d5e260b751,maltese_dog
81df7955db3baa2353e51d867dad1977,afghan_hound
897ffbc20e2ee537a3bf595d4cb0895f,maltese_dog
b4a8871365faccfa51e33217c4fd1291,beagle
059a86d50634c78d5a18f918cb0b3f0d,afghan_hound
e3f184140f68b3502dfb048607556438,entlebucher
e7bc17ef352ef576b73467ebe9a407f1,pomeranian
ab86df93beaba665a8e517bd02307f9a,basenji
a3d1004edc7a8c4db6f5fa3923d1983e,basenji
5d069ae9687026683abab52379ae2ad1,samoyed
f8e530f56e73403c8d69d29fbc391a06,samoyed
6485a03e52b82371893d26e3119514f3,maltese_dog
41b303da4d541ba4b8d9162881f706fc,great_pyrenees
d96559602badf0d764001d19336a27b0,maltese_dog
5d400c440b6a096c335abcae022d4519,entlebucher
de93e2daa7d4993c8e531eb71110ce46,entlebucher
57bce5e34f5f57d13e8136f578a522eb,tibetan_terrier
159d07f089673cd225f3a47d08ee772f,samoyed
864dd68d1079dd10a784dbd2ff2c3995,maltese_dog
b3df2b20e52b1a2b87506b565bdea231,pomeranian
44319f441d26386b33ab470eb18ed44a,maltese_dog
b3c360cdc204d571b5287268fa4b4c25,samoyed
51c877eefa09249a4539c8fa5444b694,entlebucher
8df4b1fb271a526391593679992f9060,maltese_dog
2c85a2b7e16b9395425db3a83616aa29,airedale
5f2fa3630f3c8bf8fef08dc8e8f3c818,maltese_dog
361ee0c99407378068cda808e3bed19a,pomeranian
b9703b559578d34c832cab8b43887289,japanese_spaniel
dc5ce2648529adf29ed15b7180e0850f,bernese_mountain_dog
e9c694db39c5b8c904bf36c385fb171b,pomeranian
f4c3afa01a61b3471656b42f8d5cb1e1,maltese_dog
1a5dd02401d05d66bbc9eb1e13a096fc,scottish_deerhound
52d3d97a39a2d38256d4677e6ea38845,samoyed
2a7b71cc59c791ce50e30fcc77909b61,maltese_dog
e2ac9b607458c25b1422271887f27e35,samoyed
53c4dca72c081ced6dd663b17e505080,basenji
0cbca2fcad7910a3c98d734e17cfde65,maltese_dog
3acec69253bfe2d91703118c6fe4c006,tibetan_terrier
81eab1d83dc63275941ee473de31e248,bernese_mountain_dog
8687dd4fbc2b4ec87aef79775c177c27,beagle
e3d9ae0a1ff03eeb37b6ca4bce7bad97,beagle
79d2ea336fda1392771cb594f3555945,scottish_deerhound
eee79170e91e4fc80e2faa8b0d4321ee,afghan_hound
e03cdc6533bf441f8bdb7467b1039996,maltese_dog
c2fe78e1b91e678b65d2a403dcef64ec,afghan_hound
c81748117aecc58678b1677528fdab97,scottish_deerhound
d7011c4c503f8ae150594ac9d3e1d757,samoyed
38ecebe27257f12dd04dbcdd19b2dad3,samoyed
85311c814fa4f4bc4e4eb532dcc53e48,maltese_dog
9f682747d236dbaf8c530933e5dfcb44,scottish_deerhound
b771da5baf383aa0af9d7da9e1d6e087,airedale
a3929452e7341352c0263072c15f37ea,basenji
7d1b168750bb09cfe75266cbe85c6ea3,japanese_spaniel
9bf3d79a743c864430ddc69fcc4e4c0d,scottish_deerhound
14c00ab356d9261ea220ea91fa20a42d,airedale
0f0f297dca75b5c780316a0f4169a950,leonberg
96e158af695d168ded068b4b115b69ab,maltese_dog
7e51be6584255a09aad57cc33e83f68b,samoyed
f7cd9846e7aa0c163ad98ad00ce51cf8,airedale
73ba15dc7daeb99717b177b5ae23f5d8,beagle
235e1ec918707fc74225de8a5bfad3fe,great_pyrenees
601bb80886380047cd3b8ffdb9654d62,maltese_dog
686096d402dd79581dba8e054df6f2c5,maltese_dog
9fc3f540a8973e5d4a212b0a2b5ffa6b,entlebucher
c2270e9f348520fda98ed82026fcf8a3,japanese_spaniel
bbff9ef9066d365c1042805e1179f0d9,samoyed
6e3de72645dfce0366da139ebf3b5889,basenji
244f4aef47cdfb6b4a5a58398ad10b06,samoyed
dff884afad091397ca26465ffaa75084,cairn
277392eca69e5f231038a15a640fc01c,basenji
9802d488e7a0b8b4fb04bfe2af2361f9,scottish_deerhound
1dd157eb81bd16a7c44b923aff1c1815,bernese_mountain_dog
3a3d8942f7014c126c0c1bf176d0d1a3,maltese_dog
cf006bb3f31c015f513071e9067f8ee0,japanese_spaniel
d5f0bb0a30174fb308fc79df04ad5ead,samoyed
efb995a30e2672d00cd70273e911590f,scottish_deerhound
a8965b5b9649335721b516e0e6e67122,scottish_deerhound
20c283ef7832a436eb919800f2be1718,great_pyrenees
b16c46c98def02584cb4a3f7c493f61e,afghan_hound
19ac75060dec82ee4c5a72b003e977f2,leonberg
dec0bb81afcfc4c35c7c6790975e5633,pomeranian
0ca9280205bd68d201e1d708db3f209d,maltese_dog
cb981a6f87f8d8dd645c41710297fdbd,maltese_dog
73a99d543dd8a726e63812b396a35ef5,japanese_spaniel
d482fb5576279496d6f8d72bf6b93d9f,scottish_deerhound
b38b639670034f8ef9bd87c17ce29b56,maltese_dog
9bf204c0add25dd912699fedc1f25aac,beagle
fe081bb43a6b0902d7ae9cb560053bc1,leonberg
15d25fb9d0b922b4943b312509e95c21,pomeranian
85d6ace4a0c1ffdbaf80479b9368ecdf,scottish_deerhound
c3912710a89f0e88320b8fe07578a972,airedale
530731b0d4edda8d558559f4f27513fb,maltese_dog
291f8ff3c8a5ad5451f42d6b5119963e,scottish_deerhound
c5d485d5c12306d060bba17295d3d435,airedale
cada57465146623e34fffbd0cf86cf0f,maltese_dog
4c8bb929ad8d021729749ef343251fde,cairn
00bee065dcec471f26394855c5c2f3de,cairn
b7bcf988b4dff199ec966696225a3aa0,scottish_deerhound
92cd9b84d46f409747f172060b45200d,scottish_deerhound
e33ebba7c3621778acdd362e12d35660,great_pyrenees
661bdebb4861681d269841c2e7b69948,japanese_spaniel
707acb2cbc6c351181a087fc94c4b05f,entlebucher
94df662b75abda1cbe203738a2b22148,afghan_hound
1381df385b4c5da43539ab48633bd9b5,maltese_dog
eada9c7e7e1d9fde5df22b28e0ca9341,samoyed
0f73c1cc99dd8b9c580c4260debf1f93,maltese_dog
887c620f29ed39bc5d8702cae6d47dd3,maltese_dog
0d96ca29ff2e557e93c3de0ba017ff61,maltese_dog
8d93e1171042807702d5e4cb4073b2ed,samoyed
a614fc9031217ffdb1707fa4f8a48dc7,japanese_spaniel
fbb86c8f93d2a1068520c0363a2079bc,maltese_dog
b86820556af40d864baf167f9dacc9ca,maltese_dog
4edfc93408cef61336881d3016df6e6d,scottish_deerhound
ffa0055ec324829882186bae29491645,maltese_dog
5bf21bb033d54f6d0de7380c15a9deb1,entlebucher
c8c69933448197f54c7a03325fbadf80,afghan_hound
de33550ba1323a0376fc1292a1d25d71,afghan_hound
9fcfe0a2711b77135d622190be6e8773,maltese_dog
295cb1a9b5d64689cae62dd2964bc070,maltese_dog
c21453385ea62b14fca225f79f863520,maltese_dog
7f1746ba7ed8254df3be3c2a1ab97e56,great_pyrenees
4493b7983fb27a8974a661afbea5fb7a,entlebucher
46135053e19800f8af958fb32ef11db2,beagle
9c0d4cee4acefbd21b643266a22aab7d,afghan_hound
db7aa8aa2ec0ffecda4127bad65ceac4,entlebucher
89c19bac9df678011ab39df96c7b6328,samoyed
1351c4f7cec88e8ba56ada4c772d84f5,beagle
bc9ead907720f9b02024a23283c1c9c3,afghan_hound
ac81bd5676488e9523fba872efbe383f,beagle
0fc6556b7504fc473d8bdaa0a555a4de,samoyed
6d49de8f03116d2fcf3eb6942a9c6233,maltese_dog
505420c321e1e6c77bcaa3e3bb7ad7b7,maltese_dog
902a7fc56a4422af481df08912a4e62f,maltese_dog
cd067bf6b895c629180fdf08f7a0b96e,basenji
181fadf5f2222c0791c7a02fad19bab1,maltese_dog
093a146e173a3fd9ea650b87f08d6222,samoyed
daddd59cf41b76381b8433d6d0f5659b,beagle
261ee1f32174c1ce20aa3ae952f5604e,maltese_dog
80181f7a6d35f2afc9351f43993e5e60,pomeranian
18b631157527e14b007e570175c921a3,samoyed
7b7ea2616f2ee3267718d010b92965cd,entlebucher
be188d4334b4954ea69e16290c396fa1,maltese_dog
9e7db8711f479dfa968b2297bee33104,japanese_spaniel
1041e0480ed0b88c41169fb2b119fcf7,maltese_dog
ccf68bda9760941e198554e32b02025e,maltese_dog
b1cc94466334a8caebf966aad4f50484,bernese_mountain_dog
f3f01549c30b4d1ae3e6701b729ab080,beagle
0ab8d4c80ae4e6bbeacd66fb7e52b851,pomeranian
7696ddcd73ef242b1a571a415f8382d1,maltese_dog
8431a6ce7c70e5e36698e821eedf24b5,afghan_hound
dc226c922a709fd866d25d7d93b859c9,maltese_dog
b4173f95948cd008831eeea46ace8498,maltese_dog
ad33e4e1f411d0730d962a6a87ee9154,cairn
32d033e45db00bb90ce1b53589116de4,cairn
34ee442140822118a00578e010524641,leonberg
65cfb85a00cf1ad2424c70656e9d3dc6,beagle
e0c78ec8516f29e1b0a94ba500bcefbc,great_pyrenees
af2a164d245c2b4e92e073e2227dfc39,tibetan_terrier
7f5723c0d512b52da81943350b107d87,bernese_mountain_dog
cc761b9fd55bdd6ab132b44a9b77a7da,basenji
8f049f42311282d60ce3599d34a47a04,entlebucher
48cc848583416c0bd4019a11b041f2f8,beagle
5e11c37793026888dca3bbc8b40f3315,scottish_deerhound
dd1306492b2087d880af68186b145604,pomeranian
ece252ae0a9e27590c6f30936f4166f6,leonberg
a105cee000c3cc2c68b476b69cbea205,basenji
c1a5f4fb96ec93193d7d105bcf62fd45,airedale
29a318650fe7abdd9f37e0d147b58e4b,maltese_dog
65ed1dfcfc3e6b24ab18550b866c9369,airedale
67fb16917bbb69e5f2a646b0bddfb68a,entlebucher
6dc19c50fe72f9b29c2b08fdac6c4220,beagle
206b7ea4d79d94742ce9731aad96d031,samoyed
a3964ad4e38e080dfddbededf5e189f1,maltese_dog
491e4b8fc7676f9dfb6b4858790cc077,maltese_dog
0bad79c06832a1bdeaedbbb50a28450a,maltese_dog
1241cd8dc2ee02844a420b6d0afbc97e,basenji
2aa6ff31823ad1627e8b98f7aaff47ef,entlebucher
4e475f0d2f1808216a28e2f635c17297,beagle
3f4f7dde236c0d20411199358b69eec3,leonberg
78e7aa41b7f4326a7f582426a3fdb151,afghan_hound
b8956103fc289ab5fe375163c4282228,maltese_dog
e3dac9d6f0bf998d55b310d37f5d4a27,great_pyrenees
2c99c9ae27d34737a092ebfaeb791648,scottish_deerhound
f62145318e69a5061563eca2eb806d6e,basenji
c8d4d8654df681140522be0f3b1ba422,airedale
bbf96da4759da24dbd84cce870b0f9b1,japanese_spaniel
b2bc11ef2ab31c65e49f6f03c82cb279,pomeranian
9c1bb0db2b3239a8d7e44c3fa01feba8,samoyed
17b6be0ff31a2b1e417f6a03cd3ba32e,cairn
4bc5bf1f51479cdc176e3549b3d4d8d1,great_pyrenees
56b09db9124699cb5b2dfa57a68126bd,maltese_dog
db39d09f070ad4584c599dbf76909dcd,tibetan_terrier
a5714270823ccc88ee078810752a9707,japanese_spaniel
47ba3cd4c85935ca5c763258c26607ea,shih-tzu
e568fcc1564833b782490800a507099f,entlebucher
4f96d9a707560f1216b6b87815f7bbf1,maltese_dog
cb43f233915a147d538eaaa7f4b45068,airedale
f3831b2287b3858b44885ec97b37c2c5,leonberg
44748d61290af0658e499cc4b046b6c9,scottish_deerhound
8b22f7121f8f487e43eca6d7b1e27dc6,maltese_dog
e7af30693df78697b8541fb5e2e46941,basenji
8233bf4095e1baf15fe06d98c9083906,scottish_deerhound
443ce8abc282ddf4777f33c5ba25159d,airedale
a2974cd29095193d21bad9d4429a0146,maltese_dog
244c30d8930d3a027b1fb22d4da52a85,maltese_dog
f71e0bbcb7b9d348986393612e1b6800,maltese_dog
00693b8bc2470375cc744a6391d397ec,maltese_dog
f591763666758b806f71459819ce8602,maltese_dog
bcbf5ec7a0cddffc15917d416a90c6f7,maltese_dog
facdc30ff148a0154121f1e17cac86d7,samoyed
62a94b0c0c0c3ecf7015868f6bd392a2,maltese_dog
83c2d7419b0429b9fe953bc1b6cddbec,maltese_dog
3f0ef4652899749d98df8a05a576239b,samoyed
1aa93eed3e45396d5fb4397821160317,maltese_dog
0365fe4e3e13a885c6b02ebbbf2d9173,cairn
06fe22a92fa8dc8f90e7a0f118acad6f,beagle
d48a8aa150e8ec0f97868af26bcc0a93,tibetan_terrier
739fe2d8225e930aaf4c73671250cacd,maltese_dog
d7563303ddc600a8bb95b7065634d41f,maltese_dog
0c36c19e7c4e932b8e0c01aa845b2fce,pomeranian
166da5b561393f0dda932f562c39bc6b,basenji
ccd907aaac91d10f9a5ad8f9391e0db5,beagle
682b51b416de3eaa5d723f3d130d7a2e,beagle
44a23af9ba4bc387361d7332196b24ca,maltese_dog
d66ec4c83a620cca6ebf05ab9d162fcd,cairn
b9cdf1e7b56c671e985c6910ee5a4ce0,maltese_dog
7f5e1539c7806a7c9cd92361d4f89f25,airedale
24dd4a64041954187c1eb54a20d0f279,maltese_dog
7618413d9a6a25be419129079df19a77,beagle
6165570f2467fe31881a89caca859b52,great_pyrenees
2113ab1c03c03a594809dcaa3e43b165,beagle
3e0d5afedca0d739664ef375e0ad9e64,maltese_dog
6e61626e3af3ab86323ffdb883086d71,great_pyrenees
2a058ce4bb6189960e142d2ee9115ca8,afghan_hound
fb5898e240410c7d736548bf938bbc0a,pomeranian
8dc1697a8eb8eb23f3585ee1705fa4d2,basenji
0779e164a5bed1119e36e622107c6a77,pomeranian
c0df63bcc4d3e7d829307a331bcd6abc,basenji
b693577aa9e7c6669457395d2aad073a,samoyed
7a5f80c109aa9333fcbd80dd938ceb1a,tibetan_terrier
995b2eea7f725108196ad726553ceb41,samoyed
f80541bbc3592999ccc617bdcbd9fde9,basenji
41f8aa08a201a2c2fa5a60ced8eadf34,samoyed
e95bd9ab625ad1c16b513a13a27c447d,beagle
939f51df57282705c7bbf31e385c4ae2,samoyed
a75a772a44c46e03333878c9cef8d81c,maltese_dog
75f65bc0e86f19017994695eb7bbbb18,maltese_dog
71419c1fd0673846c84a445cef0baa9f,japanese_spaniel
da06e7e70ec6a779f1faff2e40bae448,maltese_dog
e0af99a3fd26fa2f9c601d782c5e7b6c,maltese_dog
9f6a267ebf271f72f91ca0a97d60a90f,basenji
96c040dad1ec2e3305419e088a4fe17d,samoyed
28192a31f9b51c06019dd62fcbf984c6,maltese_dog
83b1020ad3fce7d18c4699dd292a3c93,scottish_deerhound
ae52363c0fbb11eb3b15b067e4b4c4ff,entlebucher
ad282d2da0cc82233dbc487e8ca80aed,maltese_dog
7bdb38da91169debedf3f5b2bffdc014,tibetan_terrier
eb24ed36b0bc25db7e64a22763b3d20d,bernese_mountain_dog
0bac7ab4e3b6c7a5331067827cda04e6,basenji
d4e186bdca24be150fa257283f5fa5fb,tibetan_terrier
b52bb521afa1dfe802a27a8939a8c7d0,samoyed
74869ebe0ee87a2b2addb1818c0eb152,samoyed
6eb7efda305b27484e3e48989b41ade5,maltese_dog
636aa6a1709f0a15664ce15d0fb70128,maltese_dog
74741ee49f94edb0e50edd8079a7a089,basenji
c5cb2d2a9038b1181c7820ef05e838db,maltese_dog
120e665f7fa566a429d27ad920fc34da,basenji
3543369eb16354d73ec9a6adb0b69e1f,leonberg
34455076d8d7c9e83eed6cfde1e29670,great_pyrenees
886c611904fc29caee5f9cd908b90dc4,maltese_dog
df878b8c7162cab57b3f9e32c595b05f,afghan_hound
e25fb7b550a55bfb47e3805fc00292bb,beagle
caa1cc6ebf435bc9f43d8cf32d67d48f,scottish_deerhound
3976ced5b536c12b5f9fead049089575,samoyed
37cc1bed158bbb562c22682492d2673a,maltese_dog
e9f77a21c65963a5e82079536a05c811,scottish_deerhound
b947c09bf1e90896085a59299eeb8f2f,basenji
0f46feccc1e3e8729fb680a72debb29c,entlebucher
a5282db9b821559c9136bc875f724bde,maltese_dog
0ba0f44a7f83539a71e4d74f549c8be6,bernese_mountain_dog
2eb1bf4abd7d1b7868afbf0328597108,leonberg
f194e48d99e5e0f279eb8cd5e6872e36,scottish_deerhound
6860f494b5115c719bdf77747b046f18,great_pyrenees
136e0fc1f67b72037c0e60faff6061f2,scottish_deerhound
09288e5c39391b780412561163b10bf5,afghan_hound
bb4a10d3e3a0e0a476d49553be9f9983,maltese_dog
95fddaeff7bee1d481cff457b5401c7f,samoyed
22317b4ca72c1032498d42f1a35e1fdb,tibetan_terrier
3bdc7d098a96d40314cf7ed50b83501a,maltese_dog
5544cad268dab34920c63985128fa0b9,maltese_dog
08644ddaf5a3ca7f08fcab7561ec4eea,maltese_dog
1852241f20c06eb5d999cd43cc92bbeb,maltese_dog
93806df837d1bf71567f511c6cb19a52,maltese_dog
c2d9baee3714a8f3a6acecf68dfab93e,tibetan_terrier
9a0b645559ef189a2677dbe98e70b08a,maltese_dog
311e99a9c864d77231937854e77cb329,maltese_dog
f83683931d1c95c7501b11a3edb4acbe,bernese_mountain_dog
ee6b47bfe941098216982c8e42f2912b,great_pyrenees
cb901f7d812d25844d524bbe2f64f31f,leonberg
9e2e3c2bbbb8cfa1baabd8ade4ed7c80,basenji
bc32a77ad912e807ae82846de95bbc9c,cairn
26503dfaa1761b0c9b0375ebc76c888c,basenji
5d81ab6ac62b3bfdf1337e971321a3de,entlebucher
cbb942c46449834575961dcf0d2c27f0,afghan_hound
ca8a5cca09a2043bf2abf727fb6587f7,maltese_dog
3def41b57873b6e64537e9be6cf9b023,maltese_dog
a42e354335eb827257a3fe1cb83180d5,tibetan_terrier
ce7a719bf215d73fcf0d19f554bed5ba,airedale
b925a34373763d846c1438768efec3b5,great_pyrenees
daa59e97cb75d22b9691d48bdee59f53,great_pyrenees
6061a5acf8b115fcbbff09f91e683125,great_pyrenees
a6cfd1852f7821cd0ecf7cf92aff06b3,samoyed
1e7146baafda5edbd4e9abdf08f728fa,basenji
6be3fa489b757dc733bfcaf6675b0577,entlebucher
1e7a5a361d584ce7bf21bf608483515a,airedale
7a1235e58df9cb1759647c149b4a27c2,entlebucher
8c547b5df1aff986fa67f9efc97459b9,leonberg
a5f391ecec6ead7ff92785232f7c1d1d,maltese_dog
cf2eae68033af7a625dcb3a2565482f2,cairn
ff54d45962b3123bb67052e8e29a60e7,basenji
eda44fc4fded6ff594aeb833634ea44c,scottish_deerhound
59e6c1bb2387ff5f32e6f86bcca02b64,basenji
fe50bac6c389d137ea01c9cfc7346ca8,scottish_deerhound
13f765ea64c7a3575a105cbdfbb6c31f,great_pyrenees
b36ef116ba297a4e2564aa9f9924d8bb,maltese_dog
acc563b94d6d975020a4fdd036bb1aa7,maltese_dog
c38e77ac6a0ee0c8ff5fdcd1df42f6f0,samoyed
c5b05b2bc80eeb044bd3cb7b9ea93037,maltese_dog
e6b47a2f62d0956fae1f3970f310b64a,samoyed
2b5fabdc8822e1624d697103e1bd6c3c,entlebucher
3b195e9bbc39cc77ca0b86f9a3fb468b,tibetan_terrier
e237f2c2da59abcb4d622106db8eef11,scottish_deerhound
e3104080c13200a90467f712dd2abd08,samoyed
a4c3902d1ebb959d51e2488804b43c99,maltese_dog
4d6bd9c5ec39dce290aa89809a222b3b,bernese_mountain_dog
1e3326ef4b8c3f9410f55b4bc486b0c6,entlebucher
0a6706f7864eb8871913f0e4ba07a61e,samoyed
d612ce8febeb6a1d74add4669a002530,afghan_hound
343604bbbd216f7810e5f4600f469ce5,airedale
5c3e2e9b132c7297e6e0115a886b4fff,maltese_dog
b5b618aec816a9dd7d7b9588630fd4e3,maltese_dog
ffc532991d3cd7880d27a449ed1c4770,tibetan_terrier
80230fb58bcf23e7d53bfeb6c562bada,afghan_hound
3031dcb1d296c3904655ad0e2c6ab9f9,pomeranian
2958f3aa05c668495b874ea995465060,airedale
27576fac0bc6f4795852d8767e824237,maltese_dog
d91c7e2d76abccec81c24a556dd54435,samoyed
47707f0dc167f1740dd4c4a8b10ba814,tibetan_terrier
8470a6fdf4db9b088494aaa9384ba9d0,scottish_deerhound
bb498a83a13172068481ab3513469efa,samoyed
f4520fd1cb3d76b7d36acdb63dd964ca,maltese_dog
c6d8ab3e57c1bd07ca582bc46f8ec74b,shih-tzu
db19763a49f08e0e887b874be8c88e99,entlebucher
a2fcf508524f0601a122d705ea8a34b5,beagle
452c3d852b0291d7b4c6011348372547,maltese_dog
fc94a4822e2d9427568b6d5427e903a7,maltese_dog
dcf871b987529e8b80b6e058e6150691,maltese_dog
6b8ac349a4550590b06c83996ed714e8,scottish_deerhound
f3e5d0f516c56df7b58b4488f13bb00f,samoyed
fd00c84695d64324cc597937320cc0f2,beagle
05134ea3341a1f4f460168e68ec5765d,bernese_mountain_dog
0d5a88f0ab2db8d34b533c69768135e8,afghan_hound
b7210485096e88407ad8bd62d1969e02,japanese_spaniel
360fe18d056f413020ff2fc88f241a51,beagle
4513ea1eda7731594baca658f7d96f1e,maltese_dog
cdffff7690054e91eab8e7237df12406,scottish_deerhound
f6652a6cf81ed972d896b7c51e6aa39f,entlebucher
748edf024aa0ca6493917ece530b65a1,maltese_dog
062131c6c38a1e485091c8c3329d9638,shih-tzu
dfdb153c5100737c782c5f9578717594,basenji
c02d063b4d8dd7dc77d22deac788318c,samoyed
5bb138bb504f4b36e2a21d1171508264,basenji
e9fc49ac28d4f84579f5621bccc78470,cairn
dfc726ff7000561805073a11d0d64178,afghan_hound
9781621d2b39b78b12cd1023e6bb1e69,great_pyrenees
bbcc126ee5c5105308e461de70709905,maltese_dog
944776650f21c3fc9cc1410ad6054989,maltese_dog
a72448bdbaa5e486245d38f50ca37e42,scottish_deerhound
041b3b8a40b587a486276ac15edd9eaf,samoyed
aa5fb238f634ac164f021d17058c594c,pomeranian
cdb32ac86d0475b5d32667582acaf267,maltese_dog
c25b1b2e1919a58239ac16ee53bdd44f,maltese_dog
0769e276e8b9b992a3fcd6a10deee6a7,maltese_dog
b83be4ce6598d3d8db843fb1256f7b18,samoyed
eb40629be9b4a1676e2277d19c43e4b0,japanese_spaniel
5a091e4cf1e0b63aa0387cb3fb759728,great_pyrenees
039e61713398f27d027480e4bd0056d1,leonberg
6071f004fc268cd480eabe456d49578a,maltese_dog
c1b7e93e3a09c54c89ea5b9fc543ff14,basenji
6a8f01ece05f30429d463552a18176d9,cairn
d9c2cee7a77e1415dc97042e2c5458de,beagle
f5940c13d959f10561fda7afad8510c2,leonberg
22ffe5b63e2afd0cb914079f09fdfdd7,basenji
6e83d477ab18e964cb7e182fc8cf9625,pomeranian
d41481d28f1972447339510abcb6ef62,maltese_dog
85c581c27e5087f96a06de686e97dc88,tibetan_terrier
c5d73c1cd8adf2c822cb79b61ed9c9c3,maltese_dog
9c6f8f10027e0076ba75d10bfc3232a4,pomeranian
a25ddbe69eddafe9bbf2e542dc8cb487,scottish_deerhound
b532e2e6f68876649639aa216ea4cddf,cairn
095d868f796f86c8258750365a04f2cd,japanese_spaniel
a8cb1a353bf80b0c55919bf5d929c694,great_pyrenees
4a0b6a56529c5b69b924b47d92b745e2,beagle
54b10039e84833cec7c977b53fb92621,samoyed
c36626ef165cd73783a2e760aaa2fc72,cairn
14f25ad78f02126a1ceeb44385378cd1,maltese_dog
3314ba029fe8a717f6070cd0bd7f0584,cairn
ffa4e1bf959425bad9228b04af40ac76,basenji
7b647794985a1d03affb644b5a95d413,afghan_hound
62e1c3e30c841ec096e7b791a14578c9,maltese_dog
243b71efb7163b30a7cbc7e95933ea61,maltese_dog
b12779f9c69a049eaa53a01919942d55,scottish_deerhound
f3929a0a7c3fede11ceb5d9e379778db,maltese_dog
59d8b381d23f02be989374df44cfd36d,scottish_deerhound
d6d7678b8bddeb7a37789b17535d0b57,entlebucher
cbcd2646088a01dce9e5dbabce5aca3d,entlebucher
1804c9f9d48a34ab283e3a39006936f2,pomeranian
a064e19920ce6da2dd7cca371ff9efd4,maltese_dog
bac48c1d1224be5945c7a0b823f919b6,afghan_hound
20a9238dd34f189ec7de945e006e660b,beagle
b6fc90a99b4489f067852fb2b38e641b,great_pyrenees
e0f559dd162599f6bd888d53626d3c6d,pomeranian
2f3b3980e2fba1cef5a5ace5dd1c5b52,samoyed
d804a278c01fff883a53104d1aabe307,samoyed
bc166a0cc82d1445d71396c2ee5ee42f,entlebucher
0e24a584e10db2c8f827ab00772e29cf,great_pyrenees
d2e331df7b048de77bd85ca69288c568,maltese_dog
7f2022deb1acfa0ae78005a9cde576ed,maltese_dog
810204f42e3659e0f314a937c460947c,samoyed
f7070114b6f8cb965ba2dfb23b511b18,great_pyrenees
a923f859ec7b8c0f74439a2058917297,maltese_dog
3f86f07cc17912038aa62c83f044163e,scottish_deerhound
800fde0b5c467ea8673b237a83cb3d8b,maltese_dog
112b85d8e95da86fdf51031caea20d5e,afghan_hound
056b535b441278e83839984f1b1da0a6,tibetan_terrier
f550e44352e4eeb99932441678a8af34,maltese_dog
88a3cc5a66105089522f6fd894e65a55,basenji
75dbdbf6814e6c72a7cab75c73a5acd7,pomeranian
53d274d882f91f05c98504891d353b73,entlebucher
32dfc20fe34591029efeee830255eb06,maltese_dog
e79c6a88cf8da397ee67235a04741f2d,maltese_dog
1fc94c31099ae9b6be417f5d07b4f61a,beagle
a3c86eed8bd50060f0d3e8d03c600087,samoyed
14918e76fc079738923ea5ab8d12b4ee,maltese_dog
a1e4ab6fe9d1255bac0157273d64e18a,japanese_spaniel
3170c7b0f1c78955cfcc94c14182c174,maltese_dog
073f0821a0842917e6e97ab322bd63f2,basenji
2d48dfbeb942e43157564559e4fb3ff6,great_pyrenees
30689ef48fbe62585666a736971ba208,basenji
3c4172f7dd8d5c7fd9a7ef6ea307eb42,airedale
8992306d8e9bd6b844ebbdcec53d9925,samoyed
5da9f0c7bbe0cbe6bc523d1749673557,afghan_hound
c7741797d824bfc430494923974daa33,tibetan_terrier
77c4f20be5520f5394ad2a1e7181ba51,scottish_deerhound
e4b99d348bb5eec10e433c02173d057e,samoyed
591cc143109ad6f036d26688cc6bed1f,japanese_spaniel
df775558457f8fc42f50a1b944d89328,maltese_dog
1c6efdb63d5d69d9a40c572b48d21278,afghan_hound
8811d2ca19ec7a6cefbb76097c6f7e4c,maltese_dog
02c90d8109d9a48739b9887349d92b1f,maltese_dog
eb64056a3ab7ac1e47bfde7c2e8bd518,beagle
a730da7fcd2f9699ba71745e8b5256e5,maltese_dog
2f2a1a2a5079ab84baadbbbde66d98ef,basenji
14acf981af889d9b97d1d46a439228b0,tibetan_terrier
971558f84a2f4325f0d7460798f65331,maltese_dog
66e4b685a1bbf0ec1043ed553d87a85c,basenji
95debc3253f72a005a8473afdd06e730,maltese_dog
cb0d458235fb16d22dd03d9886cf50e0,maltese_dog
3cea2d7afdafea2f9d8f9d92f329b2e1,maltese_dog
af5ea2c0ba78ce06af14acc92b0c8803,tibetan_terrier
10c9ac7d54eaf2a4ed12883125afa4e2,great_pyrenees
5086b396f901bf0a9f00ed64f8951c55,maltese_dog
90ce42cb4fa91a9e5709c799021e0e38,beagle
22bfeccd7faa4d27ff4e6db3ffafef8b,basenji
146c8ed2e65ed9e04d8302bf1d96815a,entlebucher
e47a26a0b4510b25250f654577207ed3,samoyed
2ff404cb6bdf5a20351b3db40a4584ff,basenji
4ceeeab13a29903058fbc4fcdd6cf71d,maltese_dog
2379e29942819dcae1f1ea97446aaaf6,entlebucher
e62e94130670395491f57ca19cc540e3,pomeranian
24c70e236822e958236adf329d348f4d,afghan_hound
dc19a7f22b2f78763083633f21db6602,afghan_hound
805dfc98b2d4969db208fb757ae6f3af,samoyed
0fee7eb61d52b589414845803d73f2f9,scottish_deerhound
bbd33c81755e1243855a1e11f44f4db6,bernese_mountain_dog
edb50bbbbf53fb184cbc04f21dd97b81,scottish_deerhound
85f0e9f401e46e30a86c5bc7fb7df968,cairn
83826637f504a03f95aa5bdb025ab9f8,airedale
04b5834c3a969c6308ce157c547bb313,basenji
454aef984f2a2e3416aae8277b6b2422,beagle
69296d494e720d8346e9bf847a603a1a,great_pyrenees
f8a9f218dbc135010a7099efbb36a8ce,great_pyrenees
dddece0d4f1ff6795a125836e4a88e07,afghan_hound
a0f2fcabc1e9c57a62ed2b546619966b,afghan_hound
657c6ab87bd1e49b91d27a571ec12883,scottish_deerhound
98e71279e0d96b32ec28498e630aa069,afghan_hound
aed2415f3d996819d68ea82acaca4654,pomeranian
734f1c50dace63c4b6786b765b8464c1,maltese_dog
5088e57bef07cbec29bf98ae9df57f22,maltese_dog
430ffbd213e1e22c4966992a9178a51d,maltese_dog
1eb28a82080de0447017caf4d03d3934,entlebucher
a409d83b4e22c12c931b6cf1544e0310,samoyed
08098e0a4074f62169ab53f7efe40da2,pomeranian
79010e9eef804bc1fca107849c04b280,scottish_deerhound
e997eaa38f75d7660fd6c488e3c76d72,tibetan_terrier
6c9f689689866b53a89baed44d755b96,maltese_dog
ea1c23bc0a6d8c057a12d2a68b44c7c2,pomeranian
3fd4d0daf3781126dde8e6d4e47ce4dd,scottish_deerhound
42fc4f86c553289b9f3a89171e840c7b,japanese_spaniel
1ca564d94dd35571de3b90d24c6f80ec,afghan_hound
0b6da522f27c115716285a4f7187969e,basenji
a93f2659ef71bcaf4859c8f8395f258e,afghan_hound
7742f1ede5c9e95b93dcbaee009f6e87,maltese_dog
09d5ac8026b8a7f7d1acae244765fe24,airedale
53c8a4e6d950161645f0bc33262fce10,beagle
0f2a90c737499a7d8bf26bb5348874da,maltese_dog
57b6db1ec82c01676e11d621f9e15c89,maltese_dog
39e1aab6d5d5b6b645fd36ca0be245b6,leonberg
47170a28cb2eb9db27deb72b127cae56,leonberg
98398963f090dae624c421e6b6a0ebe5,beagle
b44040bb52e1d8c2c32534abd2581cbf,basenji
671b62cea40d933941a7fa5d00955d85,cairn
058ea5b467d08ed978658dc1ad85fb7d,maltese_dog
a1dfedd16f94ca093e79f93f3eb6e03d,samoyed
49186fb43178b462d273cc98e330e26a,afghan_hound
bc0430c756b298a58b9aa5618e2629ca,japanese_spaniel
bced7d651d024b5a55b9062f4edca875,airedale
022b34fd8734b39995a9f38a4f3e7b6b,maltese_dog
38aaabf7675b60b866cb632ac65f2061,basenji
d146f0cc0ce9bc0cb3514618affbd028,entlebucher
356c4208d3298e914c96d6de56328334,samoyed
39e60de9434ac684f2b204378ed5126f,samoyed
45b36423b3c098468ba95af931e471fe,maltese_dog
0d68c98ac13f84032cb863abf0498a02,airedale
33e6e9778f204b714e7f205b6830da7d,maltese_dog
840b67d26e5e43f8eb6430f62d4ba1ac,great_pyrenees
ed46eed049a4fc710697517359b5a95c,pomeranian
e49b6c0fb5b8bb8b86fe2a1f48c65746,samoyed
a10abeea4e3b11aad2b005fdb3aefa79,beagle
3e76131101838e9ea1f12dc2eba4c6f1,leonberg
e4f17a9e5ee1ed5385744cd6e8916a4e,bernese_mountain_dog
531d4859fec4f1b7359bd663a9c9b4c7,maltese_dog
ccb75b5d00281575fe98f1d56d23d7a9,great_pyrenees
73fe2b31f6e54846d580e36ecfe54007,entlebucher
983d4d40106bbaee0404d242221acb6e,afghan_hound
ea829d433019aedcdeb0215c10ea905b,shih-tzu
5de5c4c802931e60e1428fc0243267eb,samoyed
df2b16112524fe0c873530ac2357368c,maltese_dog
4bc4ddb7cde7f2b75154dba3763b93c0,tibetan_terrier
6a5922845fe652449fbbbdb05ce5c32b,samoyed
b8f1b0d8fdb130de46b61a34ef0278bd,afghan_hound
021b5a49189665c0442c19b5b33e8cf1,entlebucher
d3ccd246d07f2714cfbb28bd0e44ae30,maltese_dog
928f281ca2a484573ffa2d63813454f3,scottish_deerhound
dcf879aab841a13c41194ec90bc0fd7c,maltese_dog
8b7b0f3b6474962448c419ed8c46712a,basenji
266115adee245e31c3b8ee4860db376f,maltese_dog
3b266adc845e74ee438f2a67e57938d1,maltese_dog
37f535c853a2d1c0dd13b94e9545db81,scottish_deerhound
9ef0b7e985d38526d6f600a0efd0d39b,leonberg
ac50e3733b58fdecc1eaba7ee8efdb84,beagle
ecd2e5133a9dc2877d9d7d77581edb87,basenji
e1f5774f729e887a7314dfaa8fcb0b8a,scottish_deerhound
85be6409c3f25aad1a2df99407e80278,great_pyrenees
6303f0031311416e196722c1e41be433,basenji
1f5ff1ba1cb533db815435e9d25b80d5,airedale
0e7712450813da57f7df73fc45a183b4,entlebucher
ae2099cd620c148c433235f85019e151,afghan_hound
a2abeac260a7efb447af530cf5ce70c9,maltese_dog
d37b5544840f1aa6a63de67f18043829,maltese_dog
a2d1737311988806e991f908de9fb088,afghan_hound
f0779cbe759a82f4927f60e47c9f1c81,leonberg
f2caac437e0ad55c130321aac6ba375b,great_pyrenees
919275bc732b771a349d6515bacad30f,beagle
e5679014512835a825578b7b15676df2,japanese_spaniel
785332dcfbe904ed9f7e9f96e32cce13,maltese_dog
6f9f76d5b090ee0691154de6cbc70c2f,maltese_dog
8d86decc51df3d4730dd01ea23d531ec,samoyed
49cdf9df49fbf1068c791dcecbb2031f,maltese_dog
fab313f7c055d30e79a8590ab05d54f3,tibetan_terrier
9a0de42a29dcb892cf72a9e7a00c1f0b,tibetan_terrier
7e09628892ea2cdb5abddd8b345caf4c,afghan_hound
b091cbf14b893d3c13cea2b1a8cb503f,great_pyrenees
caf609b8bda665e04c40c7bdd706a4d3,great_pyrenees
a0bdc9dbefdfa54b40423728f1f3627e,cairn
a4b629ce39bca6206ee3841fea8c557f,afghan_hound
a7927966a651971484cadea0dc318de6,entlebucher
2cc1f4d5ad3ba20ed20756531f78fa05,airedale
79a7fb5f7c40be0c75331a0a8558191d,entlebucher
2858f1f3828793a37f0728bfd66fc6f4,samoyed
beb5d7cd3bf499086ec61617dd8ae871,samoyed
39f5ee5da6ce1d8b05f359c7b2b852cd,maltese_dog
e2b2636c291ebf5649ba403b9592f51e,maltese_dog
383a4848931aa3c6c8ba315bdb6ed4ea,pomeranian
1278143f78dc063c1e29970bf3eb32a2,afghan_hound
6c6020f8dfe89f93a249ca5c385abf60,leonberg
2329f9e00a661ef8e0935b731669c935,tibetan_terrier
d9ba83cfc833f82120d0ca495c3cd06d,basenji
1234dd4303d5181574ca007f53ed03db,beagle
8ae123d42a7fa0a086271728dc7e9226,japanese_spaniel
4521c10d21dccf32ed1ebc9d1a3d0d5a,tibetan_terrier
99dcd0466a2200c131cd225f4fb60e95,maltese_dog
e86a88391d017cc3807cc9653a4a7290,pomeranian
f07d7513b336f4cf1ac5be3b46eecd66,basenji
7bebe43f7ed5a4410074c8cda7865ada,airedale
458e3d94b7a0e21c8da7796139f065d0,japanese_spaniel
59e3b551d67480c6e59493b5f66ce9f9,samoyed
02d54f0dfb40038765e838459ae8c956,bernese_mountain_dog
c8b321b43e68c11b6f9b9154de7fe1f4,leonberg
387603961b4002a45c703147e086760a,maltese_dog
fa4b9e80e2300c45a73f165fd34b3378,beagle
f523e20f7fac8e1d9909d0956a468467,maltese_dog
386c9ef54712d0218980b38219378ac4,samoyed
36b6be29fc246ceb52d58ab01584773e,pomeranian
6aa1fbe7c95b56b69acc71690873c169,leonberg
20b7775d5e4cf1bff4ea2f382612bd18,samoyed
221d6a5556c33cebd3d2f51eb6565dcf,samoyed
ab9e3dead24985735ae40b5bba7cb4af,maltese_dog
918541385e6e7bed1300d95b79d638c9,japanese_spaniel
a6abba1d01ba07a581b0e1ae2e17e99e,maltese_dog
ac54633fb411ba5f4a403cb2cef10e9b,maltese_dog
aa68b2a139183a747f9555814280e7ae,leonberg
1d8279104144342e99d296432d3a5795,maltese_dog
fef4a58219c8971820a85868a7b073f5,pomeranian
65d7aea77e53f9d7b0e33ca9653bc39c,afghan_hound
5d5a52c3956cae47168589a8199d78f4,beagle
aec5d7550b6fb110ce6b1adda05dffb1,afghan_hound
a66c39c49a97afc680ed4da5cbaffe47,maltese_dog
6001fc9133e426ecf5250b50414534f9,samoyed
9424861acb9b6a9f645cd3a8da87bee6,tibetan_terrier
d739b294a3652ef517b86d9b79770910,maltese_dog
41254bbfd2cf838370eb076ea0801674,great_pyrenees
496ff6d8b62644b35c39b735e95887f5,bernese_mountain_dog
104a6182cff3f37406fb77b7f0c40402,maltese_dog
1dc74ff3e3b700d8037f6670808afa85,afghan_hound
2f7537cddd67e8464b394a765a05302d,scottish_deerhound
447dea156cef7c52eac33fce0d01f373,afghan_hound
bf376d80e8752194a70b88cba386b4f2,maltese_dog
04fb4d719e9fe2b6ffe32d9ae7be8a22,airedale
e7f2f67cb616281a89fc77a6bdea6eb0,maltese_dog
f811a192eb721accaa495e6722d9acff,basenji
9f39f256dfc427cad1f89094369e6d3b,great_pyrenees
1690522901e3d41a84c3dc91b1520902,maltese_dog
8847eac09561675bf7e3d6d9632b8865,scottish_deerhound
ec53887c5887ec7be3693459ad3ba4ed,maltese_dog
ac44e2f1e64ee853996b772fb1f703aa,beagle
8c061cc94ba2801a2c5f85af5653ee58,beagle
75703ca3c8e8b821fc02f3c3afd22674,pomeranian
6366e33e378df764b143dbae6809b756,beagle
ca6ef65ae71b197543c69095ff46f100,airedale
34fea915be06e32d18061ee820c4a306,leonberg
ca01a96cd44e7add3961d9684332449d,maltese_dog
76d7b339f71872f2301649db866afae7,maltese_dog
73ec0cb4913739425e88255f57e49589,scottish_deerhound
a6d2985d1428a3cfe6e4aa66bd9ee314,airedale
7cd10b897b755a301850e2328a2dba4b,maltese_dog
3d959b06c84553145a4d3da88bfa406f,airedale
7eef63f380bd2c73b73e0f17d3420dff,scottish_deerhound
f1a9a63f0ec70494ec2050de0fd39402,scottish_deerhound
486ae1ca61f84a930a58ece5d8c8d95e,scottish_deerhound
492a258eb1dd8949d46cd9a65a90585a,basenji
985e9ae5e9382a61fc14d9ed109f2cff,samoyed
3a956aa2225525665b22990bcfc4ad66,tibetan_terrier
236262b824225211b6716cebfcf6317f,entlebucher
7663f70daedd1e9e3616b4ff4832ce39,maltese_dog
8636932d5c5f80c9c53e49a6676213af,afghan_hound
f220628a83618e6cc13e78361e833361,samoyed
f84bcbdda7152edced4b693e1ccaa888,japanese_spaniel
c615fd2e426968372fa662c94dd868a7,shih-tzu
ce293768d21d78ee39f43642af69a674,beagle
6f68ebaf89c39021195ce96796fc83ae,maltese_dog
f5020914618ca6445b1bb1ca2e0a4d51,maltese_dog
a2319a41db4e46818b7e9785cc9debd9,maltese_dog
5fb78d58dc5aa4bda751f1c675da7a51,maltese_dog
37abbc0cb6080df35225379caaca5bd5,tibetan_terrier
dd826e6990638acaff24142f0d4b0b4b,maltese_dog
0d6bab298a320221f08c49c701d3e06f,great_pyrenees
9672be8c46f615dd8afa075e93960e90,afghan_hound
13fc4571a3c549715a357d22fd16eabb,great_pyrenees
79ebb7ccc1a5d29593f913210c36118f,tibetan_terrier
b0b2a18852c2380285649efd5947f408,maltese_dog
fa4387315a7d0a81f033dc647546220a,scottish_deerhound
5b32e684bff1181f3cfda3d5809126de,airedale
75025a3f7e33da51270f150b9fb5cebb,maltese_dog
8050fe38de16177e26022a275b943966,samoyed
ea5be84db93c42752547df879813ce47,maltese_dog
58ca1366de1592e48fefa05d4c833942,afghan_hound
919f861b7bd4a4514a0b4b9994ce4aa1,airedale
955aa14970c097c30fec72f106e4cb44,pomeranian
09c62a1ff26b3e83a2d476c2add054b1,afghan_hound
d9c93635483f6537ab13d13ac5871f93,maltese_dog
8014cba37576a7698c3cd58131e7e54f,samoyed
ce202f5b214ad2646bc52398fdef426b,maltese_dog
c3ffe489a6dd65d192c0d839ded36e94,airedale
be3ede4734509f6c5d5de4f40b867f9c,afghan_hound
48691e705d9c663941873256da0cc683,scottish_deerhound
7a4cc5606cf632ad77a2285186352aac,samoyed
ae2ea774187ab7e25dc6597390b15765,samoyed
c2914cb7fb33bb683e148a568f1e7492,bernese_mountain_dog
3d9097ca79754c2864a6b835169011a2,maltese_dog
48a6216e20a8d088474681a2dc3fa623,tibetan_terrier
478f36c489b36e2f4ba5667685c4baa9,maltese_dog
d47fcfb7f8b4de12cb78b54eb1c62dcb,maltese_dog
1a8aaa3e469d8a07ad9f3d7667f7ca52,entlebucher
d4d90d481dbbff9729349b3e270a1d37,great_pyrenees
7e5300a4c551a23c3e27b4ca3b77fd62,airedale
1c0d254ae49836d3365bec5e9f663550,maltese_dog
8bbdac6dc170956cbf2e73c55b611a12,maltese_dog
ebb8c99c50ca5b48e010f0bda9a62c85,samoyed
fbcd86965ce247c0a44e50ff7b66a670,beagle
ed1e8f8f6231a658f173cc2e4c74af86,afghan_hound
a9bcfb541a3436b82ddf3cc9f6f408a5,bernese_mountain_dog
6640360f7db7c2a66818400cb9a290c0,maltese_dog
6d5eebf6f23457de5bae2fdc966c9818,beagle
137f07bc5f15fa8e39f85a8333e68780,afghan_hound
bfbe2ffaeca6aa155e09d75b750d1849,maltese_dog
cdb97461991bf6d92b771a0c83076b69,scottish_deerhound
4fdc5fdf324a00b9ea08b866904fc7c1,entlebucher
c228896e03be709a8950d9d839fbba31,basenji
5ca5a2933c672c6ad48d373452701289,maltese_dog
3ab52c53de2d5938989d18d1a3248a1f,samoyed
70d6066bcc9796967003a09cfd60e76a,beagle
f827aadcd7537def18615dc19f650456,maltese_dog
c3008b4470c7c53a12d4490e51643548,scottish_deerhound
345d27e7013c21cafbeda5b20c1f80a3,great_pyrenees
2ca79bb70fb0d2738002d69806a42e1a,shih-tzu
1f443edbd2a9e5a77be5d14262b8bd66,scottish_deerhound
bbce1f2dcd7160bf39c92d9ace657bb2,maltese_dog
87c76585ab973f2ae3e6f20ba061db10,scottish_deerhound
1dc5d9db984d35752841d81862184ba3,great_pyrenees
586fed74a07df1d04f3c477a408d3f7c,beagle
e3a3ebddca40ff58d0cb9b8205c46066,entlebucher
97d712e7a54a5c89ebb6c41947128fb1,shih-tzu
2917c652aa90dd5908994b25c10ba674,bernese_mountain_dog
0eafdcc7628b2c74983819f40c763c2f,maltese_dog
431cb17e184d5f26395c539758191048,cairn
7f5b846aa0b90c13e6831a2e37e48719,maltese_dog
bbe814c589a59d64da00fc4939ee09ba,leonberg
b38d84aa581bb69d437ce2b128198012,maltese_dog
20c98bf7b5842a48b2d491e591736afb,pomeranian
055429c6fb404af27ac52a08216e6cda,shih-tzu
8fbd1187590a9b65878e467e96705637,beagle
62ed7b73d7cbc37d2e4415e22c43180f,leonberg
70c80800e2ae477c02dc034917783132,maltese_dog
cf954483c0d2e3004083144ffc432092,basenji
93769b0544775870913200306eaecd18,entlebucher
0abdda879bb143b19e3c480279541915,great_pyrenees
da438857d2816db182869858f4f3efbc,great_pyrenees
b8bf653c56a4e2b4f3cf67a4690f73b1,maltese_dog
f97b9b8848683ab240cffeda2c855502,entlebucher
01b36cb1b80ab8c3a7d2b7128ad21bdc,samoyed
2a341a9eb623d1ad095a94a4c2b420fa,maltese_dog
d5264d9c70065f4f32ce88bfa519d2c3,samoyed
f921b60576b1055884307f1f6d42997f,scottish_deerhound
859deae5a4eb97d0d32c94eb936228ed,samoyed
1108e48ce3e2d7d7fb527ae6e40ab486,maltese_dog
c4649d3948446cf3cd90da2ee922b3c1,beagle
0dd1914e122292dfbb25e35537b511f6,cairn
5dbe2651396ccc76532a97e5f20a872b,samoyed
11c0aaa58a419a61513b5c1f27b67f16,samoyed
51fdc7f1b12a540be7269752f64862ba,afghan_hound
1e1957207dd882f56c1b0b6e7fb3e147,cairn
1493bf7f5cb1ca62b4e0772d9edc702e,basenji
493cafda8f5871aa73c815ad6bdcfda9,entlebucher
e0a59c9a8625f5ab3015c4ee460e5f1f,shih-tzu
72368f3e9b7974dc29e284b7d80edb42,scottish_deerhound
12b72be0bcd7a96172fee4f7cd5b01fd,great_pyrenees
5260608983283e195add912bb885bf2b,samoyed
c85fdb661bce3147ba6560f1f72cbbdd,samoyed
2ac10837ecb82f466b9a9f60bacfe99f,maltese_dog
566696d17bc3292fe82eccb6e20f6bda,maltese_dog
81662662eb22135f0438459487722f98,basenji
9e9573c91725e4399224b623dc48beaf,maltese_dog
6c701bcdddcf39d949105c2b7e0afd8d,maltese_dog
d7a98b492b4567df962762fb7ff3cdee,shih-tzu
bd8cb94a46ae36e1bf2f0952a3e4a79e,maltese_dog
08782eb5ac167ca5f8feaccb519e9b4e,maltese_dog
6c9dd7ea6386769954f6f39ea755db1a,maltese_dog
49b3f86003cd0a64d219862067cac95d,beagle
87b33815ce34f2c2d98b2374c32ce3a5,samoyed
c2956f64221e5f8ab9aef1540f47f7ac,cairn
ef91df1385e44b81c78dd345b1a17f14,maltese_dog
69b282f3d9e81dba018b130b9eb2f3f2,maltese_dog
38d35ebad2ded36e23d24b39d9be2297,samoyed
a1c0d9dbf4f0bee7763cc869881bde58,maltese_dog
69a16ac651167cc990b208b596491a91,maltese_dog
3c75e138214ec62ee4a584050f110c5c,beagle
202d6e58dc961b63c647cb8991294c6f,samoyed
f59c6ac65a3b996404ccce16dad310e0,beagle
67b76b1910b9557c2381a807913a14be,entlebucher
8a6b1a95cce4538252dbc28cfcebb8ad,japanese_spaniel
d34ca643d6c19c9943b40af456e62cd3,cairn
88831230c898c7e4c56ce73ed285c9c3,japanese_spaniel
3b8b463b6d1b40bde998896767e6c985,maltese_dog
840db91ba4600148f3dcb06ec419b421,maltese_dog
44c17109d8c8b908d5c96a6fd8ab23c5,maltese_dog
b3e2de0e9d1a5c6c180277b87b85971f,maltese_dog
9f540b678368faa65bedecc417ff0d16,shih-tzu
eeb4aa1fdbefcc783845be89b94bdab9,beagle
30668e8d4c74c185ef86f86d9ff158a4,japanese_spaniel
9cde15dd34bbf752d6ac654295938a1e,afghan_hound
45616c291b8ea55e42690811afc2f12c,maltese_dog
013f8fdf6d638c7bb042f5f17e8a9fdc,maltese_dog
d44a665b4936c6de124c864feb339f53,maltese_dog
3b4cec19f75467e3c972d2e300d489fe,entlebucher
cce6c1a924e06dd07bb86d76d6d705d6,afghan_hound
725ad8d2eafd430b7b97501e6423617d,maltese_dog
1d414293940cdc0892721eb94151ddfd,maltese_dog
9034ce4ee16750acd935da10c4eb1fa5,beagle
4b7183fd8feb6c6e80eb62b9e6be55d1,airedale
e4f4ecefab54cba3356b0c8bf7ce4fee,entlebucher
68b359736db9580b8f7a8f0a17d758b6,scottish_deerhound
6b669a689ed7469a5e237b839039d3a8,japanese_spaniel
88928ad88da921d74a26acb27fb3028a,cairn
202d6a18246367a631ae85ad77727df4,great_pyrenees
5d61d75204f9ace78b40fc444ce6bfeb,maltese_dog
e7f491cb903ff0a294eb63c625ef090e,maltese_dog
7357e516c31c862461b63e21e52213d1,pomeranian
0a77d498ff491945347bb895d8ae4008,samoyed
52fc29c928f5fdaeb8e3fd012cb3af4b,entlebucher
bb9e85b9dee23f7f9c4e7fdd10d2121d,samoyed
81d3559cfe8ae808fb3cf8b223ffb999,maltese_dog
376d3388571f462cb7562db11aca6371,entlebucher
ac2e27fa8891e1d7a2ee88196a2a4223,airedale
e59d5676c3b4910024b164265ace3217,maltese_dog
b62225a14aa1f870dd9b33c4ff4c9de4,maltese_dog
27290de13a539134e06d9a5af13e23a1,scottish_deerhound
276d0fd62b4f9801ee2cfc6b01530ada,maltese_dog
8429dcca4ae91c4e0345e4ba48b0d69f,great_pyrenees
dc07c140b26ba8f2c75770f00229270b,japanese_spaniel
417e5069354eff32c8fd13729a6702e3,cairn
ed5920d873da0891d86d9f3a25f2c2fa,airedale
4d49a0f1dbd0d2a80bbfcfd2d55a8936,maltese_dog
fddb09d408084b1289bf572bd4071c9c,tibetan_terrier
1c0eec60d22d5e50a057f261d54523d1,maltese_dog
9ad0c52436b1b6c1a34be0b308dd0887,maltese_dog
db9f0d772b4b3b2452c7d6f92bb35f9c,maltese_dog
dd79ba1404da7aa15471494d11657b68,maltese_dog
f40a0d368a62d9e2d2fb2d7583368538,leonberg
77a089032276f7edce828022c3dca3e8,samoyed
ccc369e93d792e44329a5f13ae6ae582,maltese_dog
8b0b1c5823015dc73d323643a559be31,afghan_hound
a5202d48a73088408e25a7b22be33922,beagle
08ea34bfdc88f5b1e0eef0b76d832c8e,maltese_dog
ecda5afc51397fea7339c68c7bdaf3c9,afghan_hound
435b3053411e22ac8b6164cd5513d282,scottish_deerhound
8de94658ff000fd09d40e16038ce8fae,beagle
8a4830e8d2f106d5a0c46ef82be96b0c,scottish_deerhound
bb2f95b99c054cf43996501e14bce4e2,bernese_mountain_dog
1d1584d7fb1d92bae311a7e436829e08,maltese_dog
9e03036e569f2a305e264b97c1aaab84,entlebucher
48ef9a23f06d758bae5524d57d2592d2,samoyed
3c3e2f645fa36df8bd4d2b4b5168cdf1,maltese_dog
4a5d7198332eb69e4414aa803126a7ef,maltese_dog
ca7befe874fe442e48d5cf546b2e5dcb,basenji
03dfefdb2939388f7ca9578cb7c4a2b9,pomeranian
31e601f31083c351652f0d96c5fb7dac,afghan_hound
478faa4d28d22cb844d417ca59a0e7c9,maltese_dog
ca5157b5031f9f164fb35284c7fbfca4,airedale
e97e598576bbc9adf772f244870d4c7b,leonberg
0a4f1e17d720cdff35814651402b7cf4,maltese_dog
cc0b22a383993745090aeb391272cc77,maltese_dog
07eeb2ef42c6b260684e8cb8e8c4ba70,maltese_dog
92b1992357ae55d1e0a1b5e1fb13764e,samoyed
b6ac6d8b9923fc4441457305959ef92d,afghan_hound
07466e87275ed10056a9d2cbb4c733d8,leonberg
d0441db03224b15c47422e6bdf351a52,cairn
94407c29657a0c84ce6c7176999b63b0,cairn
d934720e6736c27c3983574b5d70e4fe,maltese_dog
8c1304c22e356290cae941c3b29cddff,maltese_dog
96e2ca5c370468190471ddf41514170c,pomeranian
b81200d1831287bbe732fc74fe485cf7,samoyed
5d1b4ea2e14208ed4523f80bba2f015f,samoyed
8bbb5cc1bb607fe461d5dd90052496b8,entlebucher
c940c8808aefc1ad992d341273bf4050,leonberg
6443a2914f8066fceb43bdaf97e1aba4,tibetan_terrier
b8dcf30dd6d0b661fbdc892c8047e179,entlebucher
2e9be023f054bd4139ea30d699008be9,pomeranian
d48ea539bfde72872b5deda0f543030e,scottish_deerhound
d587009bd0b5c64c7fdb52c9317978c2,afghan_hound
b31fe7457dd912584bf932eeb40f4664,basenji
ca8478ac3e05a4374e0e02a2e89ac599,great_pyrenees
462e88422f0889ec7cadcf742042e5ec,maltese_dog
354d0d202926549c7932f012ac752a4a,afghan_hound
dcfe4f0f7d7c091e8488bff8662582be,bernese_mountain_dog
51e9a9481ffe34499d6b251031516a85,samoyed
af57c552420b045bb5e15c402389eb0c,beagle
3efc5f61379eb3003dfd0a8c88ee5afa,entlebucher
d15663dbbbcbde9517ae67284c664897,maltese_dog
f9c6acac2e566ae605ed9c7c1ecd6450,leonberg
5b1c52945d418bd63bf4285749e713a5,airedale
6a0c2894b8125ff6ee91bcadeab176b9,pomeranian
2974dccc97c0cb25f7873e33a4730f47,maltese_dog
71af1979ad207fa76d6ab9f3e3436cba,airedale
8f0411b4916e9345b4007c3245eff24d,samoyed
a5151c64e12e4b8bb173e357af6e5ccb,samoyed
d8785cb92c09d3810e4ea86b5386316e,japanese_spaniel
42fa9fd9dd63066d88e3fd56117d787c,beagle
8161ff9d8b2b1b91280f268463c51065,tibetan_terrier
131d708a270a3ebca285978bf53df62e,afghan_hound
a234febaeeba77417fd731d9c5d3a692,scottish_deerhound
f690468c2bf0020c6e4ee135278cf71c,maltese_dog
e36c116cdff32db5d5b87b3c789ce46c,maltese_dog
0ef07f4a6706a04af9ff354e263a28b3,beagle
6b207c453455227e63d39956445c72ff,entlebucher
8bf5bd677a71e574a08dfd4fe7af1461,pomeranian
ccbf2d7da8e85a3b60eb0ff8a87af58f,airedale
2e8000db9c4faff01a2ff7d834f8b0ff,basenji
d953e41d5f3e8ff39a48a48db4d146a3,maltese_dog
99562538c149ae254d2ba0172c145e66,entlebucher
0267c5f1acbab52ae4a7927e0398612b,airedale
a5e12305354299b560665bffbd811f8d,scottish_deerhound
6047c362f38f0cef1fc26ea7ff7df0a1,maltese_dog
de51f05ddadfb52e97fbc8799891ea8c,entlebucher
51580a06bd63bfb54b6df8a1fab282d9,maltese_dog
5c1bc0e0387a2e4ddfea5a3590e793d3,airedale
50da32396bff4b805b32e79eb21e53d2,pomeranian
035f28d8ad34afaf7c8d276d6674bf8f,maltese_dog
45274565acecb88e4e8fa29f85e7dda9,leonberg
2c2a4f529131c3109a7ab66b133b8461,maltese_dog
7fcefdba3fd6402705bdf39258177d42,scottish_deerhound
5fd220be94ab7c0058bc3aef9134d160,scottish_deerhound
f98392bfae7d0aa35ecc4993ee2afbaf,maltese_dog
42113dea257f4ac3dcd6ac4337329501,maltese_dog
173d5eb6a645eee683442be8101d398e,samoyed
f06d9112ed14edb4038daa54f1b1abd5,maltese_dog
e94234a15721850c8aaf3a94d2363f4f,great_pyrenees
bbb3573b1f9a2f3ab1b1d62cc26a7b88,airedale
8d66efb7040095b0397cf73761d3bf41,tibetan_terrier
748040468efb11524759604cf6ffaed7,leonberg
ad8ef2b2772064312bda4a188b7b5fd8,afghan_hound
dccd2dd384090bfdf9105015167aed23,beagle
58154ab6841198957a50526106c72d72,maltese_dog
da82351431ac8992359ffca87bca053d,scottish_deerhound
7140fa3f995dd39e9ddb15f7b991deca,samoyed
b33ebbb55eb1b3ff1587deb055529e00,scottish_deerhound
3406ba0b6a71aecf53fe7122fa747b59,afghan_hound
a2834a578d8a2ec1823e940c9efa1458,cairn
db5d30c5c1c47af92c4fdfe59282cfbb,maltese_dog
4dc262bd3c3f5bbab4c38147ddf204a1,maltese_dog
3eda7915db371a5908b29137704004ee,maltese_dog
ed8bd115216fc760fd0ae45471791f7f,maltese_dog
55877fd6274271bbd0486e900233dfb7,afghan_hound
8009cbb471a6107109af3166c03b6e83,entlebucher
aa94045f0221be29ee6508361b4913fc,tibetan_terrier
be5304acd0cf03c1a64f12622b8605b6,maltese_dog
0a896d2b3af617df543787b571e439d8,leonberg
06ab2182c2a958a5f0de2035f39a0fa7,maltese_dog
7fb45dff8883ab90f937ad2ad753f243,maltese_dog
77206fa9b8356386a19d7d5e130f863a,airedale
40a34dcc0b9138faedecce21c54d5af9,tibetan_terrier
d99e075b2610dd70e27a95c5f16e3b8d,scottish_deerhound
45c500a40d2bc460ed48337a8893ebc5,maltese_dog
52ccec304f83c67eb2c996f274e7d640,scottish_deerhound
39c6c625fdbd108321af967a0f56a345,maltese_dog
87dfa4ae9b1b4e399e8819ad19a1cd7d,basenji
1d6a3bd059b637ffcb32b4b7bc4067cb,basenji
01e787576c003930f96c966f9c3e1d44,scottish_deerhound
f8387071cbb4e77a274ab6035c3bb687,samoyed
3a36af8136011500b89c3352d3ff40dc,maltese_dog
bd2a4492ae1a0fd8b77dab961de0f71f,beagle
514be7edfb314e3c19c755795b9fed84,airedale
c46e2bc23aa32ce2fed1fe08beba88c6,entlebucher
7f4668bcc5c5a975c7ea19441c37fadb,maltese_dog
85b160a087cbc927454fe01c52605112,maltese_dog
78ba53d157186b9c4de0da5d6897a1db,airedale
cb6e8b90c3769f074a74f27296cad88f,entlebucher
1c2cc24dd7a94cf6ca34b7c9231dd1ce,japanese_spaniel
85662233bce63d5ac7e5e9fdbf49c654,maltese_dog
202c3ed2fa2c50b736fb3c4cc8fe903c,great_pyrenees
a63e32a12656d930387940f9eb31e535,airedale
06faa041b335551e3ccf3c239d006425,maltese_dog
7ecd9ea72881883e8a0c708425cb9b2b,scottish_deerhound
1d941ae00a3e93cdda72589783a50129,pomeranian
f3e1cc6183fe3457dd644320d730b3a4,japanese_spaniel
8d06f684b12bf2c64375acf001cd8285,maltese_dog
70cdbbb14c5b9f8a4f3e6d4af28fb1b9,maltese_dog
411f2ae9ea70299b09ec03af2bcc8c04,maltese_dog
aaa2f6f88d506cc598f33e8f682939de,afghan_hound
495b7b4c6b37540d443d283fb7ef3fd1,airedale
31ebb4edcea0fb3e418f339c21fde69f,maltese_dog
d05051d644e85bde41fb021d0ed17a63,leonberg
818091f88618b285f4dd3f575e1dc74d,tibetan_terrier
fab162b7c732afd2e0886e1fb158862f,beagle
bf03d141ce99683a817108ea9cea17f7,samoyed
652230a69f3da993b74d0ce49b905550,scottish_deerhound
fa5054c5187c7171c546bd6a46b8346f,maltese_dog
bdec813dff4bb79ff07cbe0440f217a2,beagle
7c827702f217b522eacbee55931fdb52,samoyed
b07f9490b150ada099c5c09004c9751f,basenji
b103316ae94567dd01890e7fbbee90e2,cairn
3b240f25a4c5fb081c84e74398920991,beagle
9064e11f8694a2af667baa8ea997f6b1,maltese_dog
93ef939778971c7e2892360ff61eec17,cairn
f0b08d4f04e66b73526313b7cf0a6b08,beagle
cbe63371eb2c2c9fb234a64f8bc149a4,airedale
0fe613c90931a021ad3716dcb9a5f270,maltese_dog
b375c3eabf59a3d0e071b8b0343f2d4d,airedale
343c79b4abb43a96fcc8590cc95a6142,samoyed
79cfdadcf7d192139150d23f49041aa7,afghan_hound
df1f2dd6e993e8d1bbc325768806be5a,leonberg
47fac4532022386b1db133b01c0c0b75,basenji
08829c00da02dea80eb491122989492f,great_pyrenees
a7fb820b4ca5f9dc6ba8e1a3823cb882,maltese_dog
0f03e05c333f7e5538d4c90f9c837796,maltese_dog
cbd8e6c8f98e12a8b336ecedfd874707,maltese_dog
5ed0024700ee7dc770ce03215913e740,samoyed
d61a270df934b36a3d04fa329ffedc89,cairn
4ba13e246563b8393a4adf62ac8667ae,cairn
f5bc69deded716bae5e2134c81d9a606,entlebucher
055cfac66e5d67756ab05d02baeeb04c,great_pyrenees
26d012ce945eff58576c47e6e84140b6,afghan_hound
3f674c39cfc8fc3f421b3b8e69143b70,airedale
adf50131b2c975bc32fdf57194fc3cff,samoyed
7675ed37fee3bcf5a7b5ffb58cd96caf,afghan_hound
0ddbc4702eff570783cd03645571e7f7,samoyed
cdee721aacdca2d44cd02200f2e1e62c,scottish_deerhound
cf269794a592d3b6ab3a52d59830d763,maltese_dog
a2ac195c257b97664fcafbe23b060205,maltese_dog
6de1b44c95bb9e1ec1e5892f145c19b3,maltese_dog
61fca65e5c0f5ae5ef7977ade431ee20,samoyed
0162b3e0144fb1d1ab82fbff3ace9938,shih-tzu
6727cd17680b105d9b305ec843e945b8,maltese_dog
f97da1d8c57873986183092ec4d5fc13,japanese_spaniel
ee2567e0e8424a216c45b34682a80472,great_pyrenees
bfa0490063b75ca9fa1b022dc711d88e,entlebucher
533a20015e498027817bfc0e32c03bee,maltese_dog
8516b9f462f35ffa2d1d7f8abe860630,maltese_dog
e74f33ae3d78d3d2f8c75b8fc847f5ad,maltese_dog
0ea78b024dc3955332d3ddb08b8e50f0,beagle
6c21947b956d6d17ece6350c96a6bac5,beagle
49e08430f091268c94b3746d4aa3af6c,leonberg
41ea18e619cb6a3673ce86ea8e0f2f14,afghan_hound
98e15ae4dc543409d0cb6a573ac306fc,japanese_spaniel
7bfb4236eaa97a13c7f3cd531bed258e,basenji
af253aa8c133175a74e66df6017f44a3,samoyed
e4a4cb1f4ab166d24cc5215abeb327b9,airedale
16d9e14772868ce890909983e53af8d7,bernese_mountain_dog
c513ff37e33e660598dee5257956ac2b,afghan_hound
33f52169d9932726bd9436603b477d86,beagle
460d64ddd549b5bbbd92aa25ff6c75e6,airedale
cf67eaba9efa7e9af92f8b0356ba02d1,entlebucher
0afc7d87053cb44a529c78c0fac99886,maltese_dog
3b1780ab4f601495daf2442fc60b5a38,great_pyrenees
9dfc8ee9665e1f2645eb7752db110ba6,great_pyrenees
cfb1ca7dc6db8a6d3e0cd15b4a7be229,afghan_hound
a9028e14b63eaa3745d34c48e2fa2d21,maltese_dog
bc203c17a2664449384299ab1e19773d,entlebucher
a326caecceeed4705ba786f1d8504430,cairn
c5b1bb2153ca0ac74e7049f5264518a0,maltese_dog
8191476fcbf4c8b64bb1dc8ae0bfbc12,entlebucher
1ad1668986f5e9413d37f4481d5cecc7,samoyed
e6a382c2cca7aa606dda1d5f7109cddc,airedale
65194fb265447aebcd3017705d04136f,entlebucher
0f26d3f7ff65d0713f36cd8cfe6c7a5f,tibetan_terrier
e86acb593c6718489134a45e8b936b90,afghan_hound
9f6c4d16ab3154ba2f57cb9d7f2af40b,maltese_dog
76a0a11e369b47cc3072bdff576a4ffd,maltese_dog
3f0c77e6089a64f7083277b6bf22759e,scottish_deerhound
cc77de33c6b6f0ed97200803e09e1275,samoyed
7b04d01de0522d0290acffe558487d4a,maltese_dog
4d8cd43e1715f949b13610cdea483501,maltese_dog
77ca2e85e0e8ea05ad424b9e53e644f1,afghan_hound
b8bea4b3a40836ea881062273abd805f,maltese_dog
c02f83947002646c705681ef6433294a,airedale
45f35f209231efc1baebf0729ba4e01f,maltese_dog
ec3445c0c4db2d219b2377cb0eb8f3dd,maltese_dog
b895b457d62b5ed6a98883d114e92cd8,scottish_deerhound
8afbc403c8f96b6dcb9fa0a34ce39ea4,maltese_dog
af87254221899ae2347592b26f23a449,entlebucher
7d275bed18ce83cf13a8fcdb9c266d4d,maltese_dog
829c2d28f3d878d579193912367d2efb,maltese_dog
166d9a55197d0c21068273cca67fe2aa,maltese_dog
3f43c5d4c9a860c4c36a724453ba81c2,basenji
bdf2a1c73fa4fe7fd2a26356a30cb25c,maltese_dog
d39ece223b9f8681bc23853cfc6412bc,scottish_deerhound
8fb070664c0597ae883da9195c281a66,beagle
bd6927dadc87d3e7c5beb8009ecac5e2,afghan_hound
3d4c13366837f64c6382dd4f1778caa0,bernese_mountain_dog
bbaf88be76553b3314045f057b94e0af,airedale
2c5ceeb88110e5fea161cae699aee8dc,beagle
78db7499ee42192c475ba71c59d7a05b,entlebucher
927137299c6bfa514208a03212bbeb5f,maltese_dog
7332891f534fdfc75dd133048af1d562,beagle
6f22a4250a21bb48f564c61aa9adf857,maltese_dog
b73df1ea118d708edd2dc6dd2bfa6b8d,maltese_dog
56e895eb4ec0249d18378a65f9dd000e,great_pyrenees
5522867aa22e18f38e627fb9fd9b1847,maltese_dog
a1c1bcf72785306063ae603cb70fc500,bernese_mountain_dog
aa2d66804ee69b60bc090da5f2ff37da,samoyed
9d2451f69ee64a6d605739f98cb627d7,tibetan_terrier
9ea6c71d8497241ae9bc892e9aa2d36d,great_pyrenees
89e653251ebdb4125224d3af5230587e,tibetan_terrier
8f2aebc12f23322b1bf9bbc7f710772e,pomeranian
70723f841076e19dfb1cfe98bcef84ff,great_pyrenees
2648268c5276c81d37c63d335ca930c1,tibetan_terrier
80a4f9b1d472cc5e55b3ebddcc1d8619,afghan_hound
19205fceb3eb41ba27f1b0b946934789,scottish_deerhound
20bf4cd949afa66f38a99b9c815a1102,maltese_dog
